min_lon,min_lat,max_lon,max_lat
-78.6,-0.4,-78.59099099099099,-0.390990990990991
-78.6,-0.390990990990991,-78.59099099099099,-0.38198198198198197
-78.6,-0.38198198198198197,-78.59099099099099,-0.37297297297297294
-78.6,-0.37297297297297294,-78.59099099099099,-0.3639639639639639
-78.6,-0.3639639639639639,-78.59099099099099,-0.3549549549549549
-78.6,-0.3549549549549549,-78.59099099099099,-0.34594594594594585
-78.6,-0.34594594594594585,-78.59099099099099,-0.3369369369369368
-78.6,-0.3369369369369368,-78.59099099099099,-0.3279279279279278
-78.6,-0.3279279279279278,-78.59099099099099,-0.31891891891891877
-78.6,-0.31891891891891877,-78.59099099099099,-0.30990990990990974
-78.6,-0.30990990990990974,-78.59099099099099,-0.3009009009009007
-78.6,-0.3009009009009007,-78.59099099099099,-0.2918918918918917
-78.6,-0.2918918918918917,-78.59099099099099,-0.28288288288288266
-78.6,-0.28288288288288266,-78.59099099099099,-0.27387387387387363
-78.6,-0.27387387387387363,-78.59099099099099,-0.2648648648648646
-78.6,-0.2648648648648646,-78.59099099099099,-0.2558558558558556
-78.6,-0.2558558558558556,-78.59099099099099,-0.24684684684684657
-78.6,-0.24684684684684655,-78.59099099099099,-0.23783783783783755
-78.6,-0.23783783783783752,-78.59099099099099,-0.22882882882882852
-78.6,-0.2288288288288285,-78.59099099099099,-0.2198198198198195
-78.6,-0.21981981981981946,-78.59099099099099,-0.21081081081081046
-78.6,-0.21081081081081043,-78.59099099099099,-0.20180180180180143
-78.6,-0.2018018018018014,-78.59099099099099,-0.1927927927927924
-78.6,-0.19279279279279238,-78.59099099099099,-0.18378378378378338
-78.6,-0.18378378378378335,-78.59099099099099,-0.17477477477477435
-78.6,-0.17477477477477432,-78.59099099099099,-0.16576576576576532
-78.6,-0.1657657657657653,-78.59099099099099,-0.1567567567567563
-78.6,-0.15675675675675627,-78.59099099099099,-0.14774774774774727
-78.6,-0.14774774774774724,-78.59099099099099,-0.13873873873873824
-78.6,-0.1387387387387382,-78.59099099099099,-0.1297297297297292
-78.6,-0.12972972972972918,-78.59099099099099,-0.12072072072072017
-78.6,-0.12072072072072015,-78.59099099099099,-0.11171171171171114
-78.6,-0.11171171171171113,-78.59099099099099,-0.10270270270270211
-78.6,-0.1027027027027021,-78.59099099099099,-0.09369369369369308
-78.59099099099099,-0.4,-78.58198198198198,-0.390990990990991
-78.59099099099099,-0.390990990990991,-78.58198198198198,-0.38198198198198197
-78.59099099099099,-0.38198198198198197,-78.58198198198198,-0.37297297297297294
-78.59099099099099,-0.37297297297297294,-78.58198198198198,-0.3639639639639639
-78.59099099099099,-0.3639639639639639,-78.58198198198198,-0.3549549549549549
-78.59099099099099,-0.3549549549549549,-78.58198198198198,-0.34594594594594585
-78.59099099099099,-0.34594594594594585,-78.58198198198198,-0.3369369369369368
-78.59099099099099,-0.3369369369369368,-78.58198198198198,-0.3279279279279278
-78.59099099099099,-0.3279279279279278,-78.58198198198198,-0.31891891891891877
-78.59099099099099,-0.31891891891891877,-78.58198198198198,-0.30990990990990974
-78.59099099099099,-0.30990990990990974,-78.58198198198198,-0.3009009009009007
-78.59099099099099,-0.3009009009009007,-78.58198198198198,-0.2918918918918917
-78.59099099099099,-0.2918918918918917,-78.58198198198198,-0.28288288288288266
-78.59099099099099,-0.28288288288288266,-78.58198198198198,-0.27387387387387363
-78.59099099099099,-0.27387387387387363,-78.58198198198198,-0.2648648648648646
-78.59099099099099,-0.2648648648648646,-78.58198198198198,-0.2558558558558556
-78.59099099099099,-0.2558558558558556,-78.58198198198198,-0.24684684684684657
-78.59099099099099,-0.24684684684684655,-78.58198198198198,-0.23783783783783755
-78.59099099099099,-0.23783783783783752,-78.58198198198198,-0.22882882882882852
-78.59099099099099,-0.2288288288288285,-78.58198198198198,-0.2198198198198195
-78.59099099099099,-0.21981981981981946,-78.58198198198198,-0.21081081081081046
-78.59099099099099,-0.21081081081081043,-78.58198198198198,-0.20180180180180143
-78.59099099099099,-0.2018018018018014,-78.58198198198198,-0.1927927927927924
-78.59099099099099,-0.19279279279279238,-78.58198198198198,-0.18378378378378338
-78.59099099099099,-0.18378378378378335,-78.58198198198198,-0.17477477477477435
-78.59099099099099,-0.17477477477477432,-78.58198198198198,-0.16576576576576532
-78.59099099099099,-0.1657657657657653,-78.58198198198198,-0.1567567567567563
-78.59099099099099,-0.15675675675675627,-78.58198198198198,-0.14774774774774727
-78.59099099099099,-0.14774774774774724,-78.58198198198198,-0.13873873873873824
-78.59099099099099,-0.1387387387387382,-78.58198198198198,-0.1297297297297292
-78.59099099099099,-0.12972972972972918,-78.58198198198198,-0.12072072072072017
-78.59099099099099,-0.12072072072072015,-78.58198198198198,-0.11171171171171114
-78.59099099099099,-0.11171171171171113,-78.58198198198198,-0.10270270270270211
-78.59099099099099,-0.1027027027027021,-78.58198198198198,-0.09369369369369308
-78.58198198198198,-0.4,-78.57297297297298,-0.390990990990991
-78.58198198198198,-0.390990990990991,-78.57297297297298,-0.38198198198198197
-78.58198198198198,-0.38198198198198197,-78.57297297297298,-0.37297297297297294
-78.58198198198198,-0.37297297297297294,-78.57297297297298,-0.3639639639639639
-78.58198198198198,-0.3639639639639639,-78.57297297297298,-0.3549549549549549
-78.58198198198198,-0.3549549549549549,-78.57297297297298,-0.34594594594594585
-78.58198198198198,-0.34594594594594585,-78.57297297297298,-0.3369369369369368
-78.58198198198198,-0.3369369369369368,-78.57297297297298,-0.3279279279279278
-78.58198198198198,-0.3279279279279278,-78.57297297297298,-0.31891891891891877
-78.58198198198198,-0.31891891891891877,-78.57297297297298,-0.30990990990990974
-78.58198198198198,-0.30990990990990974,-78.57297297297298,-0.3009009009009007
-78.58198198198198,-0.3009009009009007,-78.57297297297298,-0.2918918918918917
-78.58198198198198,-0.2918918918918917,-78.57297297297298,-0.28288288288288266
-78.58198198198198,-0.28288288288288266,-78.57297297297298,-0.27387387387387363
-78.58198198198198,-0.27387387387387363,-78.57297297297298,-0.2648648648648646
-78.58198198198198,-0.2648648648648646,-78.57297297297298,-0.2558558558558556
-78.58198198198198,-0.2558558558558556,-78.57297297297298,-0.24684684684684657
-78.58198198198198,-0.24684684684684655,-78.57297297297298,-0.23783783783783755
-78.58198198198198,-0.23783783783783752,-78.57297297297298,-0.22882882882882852
-78.58198198198198,-0.2288288288288285,-78.57297297297298,-0.2198198198198195
-78.58198198198198,-0.21981981981981946,-78.57297297297298,-0.21081081081081046
-78.58198198198198,-0.21081081081081043,-78.57297297297298,-0.20180180180180143
-78.58198198198198,-0.2018018018018014,-78.57297297297298,-0.1927927927927924
-78.58198198198198,-0.19279279279279238,-78.57297297297298,-0.18378378378378338
-78.58198198198198,-0.18378378378378335,-78.57297297297298,-0.17477477477477435
-78.58198198198198,-0.17477477477477432,-78.57297297297298,-0.16576576576576532
-78.58198198198198,-0.1657657657657653,-78.57297297297298,-0.1567567567567563
-78.58198198198198,-0.15675675675675627,-78.57297297297298,-0.14774774774774727
-78.58198198198198,-0.14774774774774724,-78.57297297297298,-0.13873873873873824
-78.58198198198198,-0.1387387387387382,-78.57297297297298,-0.1297297297297292
-78.58198198198198,-0.12972972972972918,-78.57297297297298,-0.12072072072072017
-78.58198198198198,-0.12072072072072015,-78.57297297297298,-0.11171171171171114
-78.58198198198198,-0.11171171171171113,-78.57297297297298,-0.10270270270270211
-78.58198198198198,-0.1027027027027021,-78.57297297297298,-0.09369369369369308
-78.57297297297298,-0.4,-78.56396396396397,-0.390990990990991
-78.57297297297298,-0.390990990990991,-78.56396396396397,-0.38198198198198197
-78.57297297297298,-0.38198198198198197,-78.56396396396397,-0.37297297297297294
-78.57297297297298,-0.37297297297297294,-78.56396396396397,-0.3639639639639639
-78.57297297297298,-0.3639639639639639,-78.56396396396397,-0.3549549549549549
-78.57297297297298,-0.3549549549549549,-78.56396396396397,-0.34594594594594585
-78.57297297297298,-0.34594594594594585,-78.56396396396397,-0.3369369369369368
-78.57297297297298,-0.3369369369369368,-78.56396396396397,-0.3279279279279278
-78.57297297297298,-0.3279279279279278,-78.56396396396397,-0.31891891891891877
-78.57297297297298,-0.31891891891891877,-78.56396396396397,-0.30990990990990974
-78.57297297297298,-0.30990990990990974,-78.56396396396397,-0.3009009009009007
-78.57297297297298,-0.3009009009009007,-78.56396396396397,-0.2918918918918917
-78.57297297297298,-0.2918918918918917,-78.56396396396397,-0.28288288288288266
-78.57297297297298,-0.28288288288288266,-78.56396396396397,-0.27387387387387363
-78.57297297297298,-0.27387387387387363,-78.56396396396397,-0.2648648648648646
-78.57297297297298,-0.2648648648648646,-78.56396396396397,-0.2558558558558556
-78.57297297297298,-0.2558558558558556,-78.56396396396397,-0.24684684684684657
-78.57297297297298,-0.24684684684684655,-78.56396396396397,-0.23783783783783755
-78.57297297297298,-0.23783783783783752,-78.56396396396397,-0.22882882882882852
-78.57297297297298,-0.2288288288288285,-78.56396396396397,-0.2198198198198195
-78.57297297297298,-0.21981981981981946,-78.56396396396397,-0.21081081081081046
-78.57297297297298,-0.21081081081081043,-78.56396396396397,-0.20180180180180143
-78.57297297297298,-0.2018018018018014,-78.56396396396397,-0.1927927927927924
-78.57297297297298,-0.19279279279279238,-78.56396396396397,-0.18378378378378338
-78.57297297297298,-0.18378378378378335,-78.56396396396397,-0.17477477477477435
-78.57297297297298,-0.17477477477477432,-78.56396396396397,-0.16576576576576532
-78.57297297297298,-0.1657657657657653,-78.56396396396397,-0.1567567567567563
-78.57297297297298,-0.15675675675675627,-78.56396396396397,-0.14774774774774727
-78.57297297297298,-0.14774774774774724,-78.56396396396397,-0.13873873873873824
-78.57297297297298,-0.1387387387387382,-78.56396396396397,-0.1297297297297292
-78.57297297297298,-0.12972972972972918,-78.56396396396397,-0.12072072072072017
-78.57297297297298,-0.12072072072072015,-78.56396396396397,-0.11171171171171114
-78.57297297297298,-0.11171171171171113,-78.56396396396397,-0.10270270270270211
-78.57297297297298,-0.1027027027027021,-78.56396396396397,-0.09369369369369308
-78.56396396396397,-0.4,-78.55495495495497,-0.390990990990991
-78.56396396396397,-0.390990990990991,-78.55495495495497,-0.38198198198198197
-78.56396396396397,-0.38198198198198197,-78.55495495495497,-0.37297297297297294
-78.56396396396397,-0.37297297297297294,-78.55495495495497,-0.3639639639639639
-78.56396396396397,-0.3639639639639639,-78.55495495495497,-0.3549549549549549
-78.56396396396397,-0.3549549549549549,-78.55495495495497,-0.34594594594594585
-78.56396396396397,-0.34594594594594585,-78.55495495495497,-0.3369369369369368
-78.56396396396397,-0.3369369369369368,-78.55495495495497,-0.3279279279279278
-78.56396396396397,-0.3279279279279278,-78.55495495495497,-0.31891891891891877
-78.56396396396397,-0.31891891891891877,-78.55495495495497,-0.30990990990990974
-78.56396396396397,-0.30990990990990974,-78.55495495495497,-0.3009009009009007
-78.56396396396397,-0.3009009009009007,-78.55495495495497,-0.2918918918918917
-78.56396396396397,-0.2918918918918917,-78.55495495495497,-0.28288288288288266
-78.56396396396397,-0.28288288288288266,-78.55495495495497,-0.27387387387387363
-78.56396396396397,-0.27387387387387363,-78.55495495495497,-0.2648648648648646
-78.56396396396397,-0.2648648648648646,-78.55495495495497,-0.2558558558558556
-78.56396396396397,-0.2558558558558556,-78.55495495495497,-0.24684684684684657
-78.56396396396397,-0.24684684684684655,-78.55495495495497,-0.23783783783783755
-78.56396396396397,-0.23783783783783752,-78.55495495495497,-0.22882882882882852
-78.56396396396397,-0.2288288288288285,-78.55495495495497,-0.2198198198198195
-78.56396396396397,-0.21981981981981946,-78.55495495495497,-0.21081081081081046
-78.56396396396397,-0.21081081081081043,-78.55495495495497,-0.20180180180180143
-78.56396396396397,-0.2018018018018014,-78.55495495495497,-0.1927927927927924
-78.56396396396397,-0.19279279279279238,-78.55495495495497,-0.18378378378378338
-78.56396396396397,-0.18378378378378335,-78.55495495495497,-0.17477477477477435
-78.56396396396397,-0.17477477477477432,-78.55495495495497,-0.16576576576576532
-78.56396396396397,-0.1657657657657653,-78.55495495495497,-0.1567567567567563
-78.56396396396397,-0.15675675675675627,-78.55495495495497,-0.14774774774774727
-78.56396396396397,-0.14774774774774724,-78.55495495495497,-0.13873873873873824
-78.56396396396397,-0.1387387387387382,-78.55495495495497,-0.1297297297297292
-78.56396396396397,-0.12972972972972918,-78.55495495495497,-0.12072072072072017
-78.56396396396397,-0.12072072072072015,-78.55495495495497,-0.11171171171171114
-78.56396396396397,-0.11171171171171113,-78.55495495495497,-0.10270270270270211
-78.56396396396397,-0.1027027027027021,-78.55495495495497,-0.09369369369369308
-78.55495495495497,-0.4,-78.54594594594596,-0.390990990990991
-78.55495495495497,-0.390990990990991,-78.54594594594596,-0.38198198198198197
-78.55495495495497,-0.38198198198198197,-78.54594594594596,-0.37297297297297294
-78.55495495495497,-0.37297297297297294,-78.54594594594596,-0.3639639639639639
-78.55495495495497,-0.3639639639639639,-78.54594594594596,-0.3549549549549549
-78.55495495495497,-0.3549549549549549,-78.54594594594596,-0.34594594594594585
-78.55495495495497,-0.34594594594594585,-78.54594594594596,-0.3369369369369368
-78.55495495495497,-0.3369369369369368,-78.54594594594596,-0.3279279279279278
-78.55495495495497,-0.3279279279279278,-78.54594594594596,-0.31891891891891877
-78.55495495495497,-0.31891891891891877,-78.54594594594596,-0.30990990990990974
-78.55495495495497,-0.30990990990990974,-78.54594594594596,-0.3009009009009007
-78.55495495495497,-0.3009009009009007,-78.54594594594596,-0.2918918918918917
-78.55495495495497,-0.2918918918918917,-78.54594594594596,-0.28288288288288266
-78.55495495495497,-0.28288288288288266,-78.54594594594596,-0.27387387387387363
-78.55495495495497,-0.27387387387387363,-78.54594594594596,-0.2648648648648646
-78.55495495495497,-0.2648648648648646,-78.54594594594596,-0.2558558558558556
-78.55495495495497,-0.2558558558558556,-78.54594594594596,-0.24684684684684657
-78.55495495495497,-0.24684684684684655,-78.54594594594596,-0.23783783783783755
-78.55495495495497,-0.23783783783783752,-78.54594594594596,-0.22882882882882852
-78.55495495495497,-0.2288288288288285,-78.54594594594596,-0.2198198198198195
-78.55495495495497,-0.21981981981981946,-78.54594594594596,-0.21081081081081046
-78.55495495495497,-0.21081081081081043,-78.54594594594596,-0.20180180180180143
-78.55495495495497,-0.2018018018018014,-78.54594594594596,-0.1927927927927924
-78.55495495495497,-0.19279279279279238,-78.54594594594596,-0.18378378378378338
-78.55495495495497,-0.18378378378378335,-78.54594594594596,-0.17477477477477435
-78.55495495495497,-0.17477477477477432,-78.54594594594596,-0.16576576576576532
-78.55495495495497,-0.1657657657657653,-78.54594594594596,-0.1567567567567563
-78.55495495495497,-0.15675675675675627,-78.54594594594596,-0.14774774774774727
-78.55495495495497,-0.14774774774774724,-78.54594594594596,-0.13873873873873824
-78.55495495495497,-0.1387387387387382,-78.54594594594596,-0.1297297297297292
-78.55495495495497,-0.12972972972972918,-78.54594594594596,-0.12072072072072017
-78.55495495495497,-0.12072072072072015,-78.54594594594596,-0.11171171171171114
-78.55495495495497,-0.11171171171171113,-78.54594594594596,-0.10270270270270211
-78.55495495495497,-0.1027027027027021,-78.54594594594596,-0.09369369369369308
-78.54594594594596,-0.4,-78.53693693693695,-0.390990990990991
-78.54594594594596,-0.390990990990991,-78.53693693693695,-0.38198198198198197
-78.54594594594596,-0.38198198198198197,-78.53693693693695,-0.37297297297297294
-78.54594594594596,-0.37297297297297294,-78.53693693693695,-0.3639639639639639
-78.54594594594596,-0.3639639639639639,-78.53693693693695,-0.3549549549549549
-78.54594594594596,-0.3549549549549549,-78.53693693693695,-0.34594594594594585
-78.54594594594596,-0.34594594594594585,-78.53693693693695,-0.3369369369369368
-78.54594594594596,-0.3369369369369368,-78.53693693693695,-0.3279279279279278
-78.54594594594596,-0.3279279279279278,-78.53693693693695,-0.31891891891891877
-78.54594594594596,-0.31891891891891877,-78.53693693693695,-0.30990990990990974
-78.54594594594596,-0.30990990990990974,-78.53693693693695,-0.3009009009009007
-78.54594594594596,-0.3009009009009007,-78.53693693693695,-0.2918918918918917
-78.54594594594596,-0.2918918918918917,-78.53693693693695,-0.28288288288288266
-78.54594594594596,-0.28288288288288266,-78.53693693693695,-0.27387387387387363
-78.54594594594596,-0.27387387387387363,-78.53693693693695,-0.2648648648648646
-78.54594594594596,-0.2648648648648646,-78.53693693693695,-0.2558558558558556
-78.54594594594596,-0.2558558558558556,-78.53693693693695,-0.24684684684684657
-78.54594594594596,-0.24684684684684655,-78.53693693693695,-0.23783783783783755
-78.54594594594596,-0.23783783783783752,-78.53693693693695,-0.22882882882882852
-78.54594594594596,-0.2288288288288285,-78.53693693693695,-0.2198198198198195
-78.54594594594596,-0.21981981981981946,-78.53693693693695,-0.21081081081081046
-78.54594594594596,-0.21081081081081043,-78.53693693693695,-0.20180180180180143
-78.54594594594596,-0.2018018018018014,-78.53693693693695,-0.1927927927927924
-78.54594594594596,-0.19279279279279238,-78.53693693693695,-0.18378378378378338
-78.54594594594596,-0.18378378378378335,-78.53693693693695,-0.17477477477477435
-78.54594594594596,-0.17477477477477432,-78.53693693693695,-0.16576576576576532
-78.54594594594596,-0.1657657657657653,-78.53693693693695,-0.1567567567567563
-78.54594594594596,-0.15675675675675627,-78.53693693693695,-0.14774774774774727
-78.54594594594596,-0.14774774774774724,-78.53693693693695,-0.13873873873873824
-78.54594594594596,-0.1387387387387382,-78.53693693693695,-0.1297297297297292
-78.54594594594596,-0.12972972972972918,-78.53693693693695,-0.12072072072072017
-78.54594594594596,-0.12072072072072015,-78.53693693693695,-0.11171171171171114
-78.54594594594596,-0.11171171171171113,-78.53693693693695,-0.10270270270270211
-78.54594594594596,-0.1027027027027021,-78.53693693693695,-0.09369369369369308
-78.53693693693695,-0.4,-78.52792792792795,-0.390990990990991
-78.53693693693695,-0.390990990990991,-78.52792792792795,-0.38198198198198197
-78.53693693693695,-0.38198198198198197,-78.52792792792795,-0.37297297297297294
-78.53693693693695,-0.37297297297297294,-78.52792792792795,-0.3639639639639639
-78.53693693693695,-0.3639639639639639,-78.52792792792795,-0.3549549549549549
-78.53693693693695,-0.3549549549549549,-78.52792792792795,-0.34594594594594585
-78.53693693693695,-0.34594594594594585,-78.52792792792795,-0.3369369369369368
-78.53693693693695,-0.3369369369369368,-78.52792792792795,-0.3279279279279278
-78.53693693693695,-0.3279279279279278,-78.52792792792795,-0.31891891891891877
-78.53693693693695,-0.31891891891891877,-78.52792792792795,-0.30990990990990974
-78.53693693693695,-0.30990990990990974,-78.52792792792795,-0.3009009009009007
-78.53693693693695,-0.3009009009009007,-78.52792792792795,-0.2918918918918917
-78.53693693693695,-0.2918918918918917,-78.52792792792795,-0.28288288288288266
-78.53693693693695,-0.28288288288288266,-78.52792792792795,-0.27387387387387363
-78.53693693693695,-0.27387387387387363,-78.52792792792795,-0.2648648648648646
-78.53693693693695,-0.2648648648648646,-78.52792792792795,-0.2558558558558556
-78.53693693693695,-0.2558558558558556,-78.52792792792795,-0.24684684684684657
-78.53693693693695,-0.24684684684684655,-78.52792792792795,-0.23783783783783755
-78.53693693693695,-0.23783783783783752,-78.52792792792795,-0.22882882882882852
-78.53693693693695,-0.2288288288288285,-78.52792792792795,-0.2198198198198195
-78.53693693693695,-0.21981981981981946,-78.52792792792795,-0.21081081081081046
-78.53693693693695,-0.21081081081081043,-78.52792792792795,-0.20180180180180143
-78.53693693693695,-0.2018018018018014,-78.52792792792795,-0.1927927927927924
-78.53693693693695,-0.19279279279279238,-78.52792792792795,-0.18378378378378338
-78.53693693693695,-0.18378378378378335,-78.52792792792795,-0.17477477477477435
-78.53693693693695,-0.17477477477477432,-78.52792792792795,-0.16576576576576532
-78.53693693693695,-0.1657657657657653,-78.52792792792795,-0.1567567567567563
-78.53693693693695,-0.15675675675675627,-78.52792792792795,-0.14774774774774727
-78.53693693693695,-0.14774774774774724,-78.52792792792795,-0.13873873873873824
-78.53693693693695,-0.1387387387387382,-78.52792792792795,-0.1297297297297292
-78.53693693693695,-0.12972972972972918,-78.52792792792795,-0.12072072072072017
-78.53693693693695,-0.12072072072072015,-78.52792792792795,-0.11171171171171114
-78.53693693693695,-0.11171171171171113,-78.52792792792795,-0.10270270270270211
-78.53693693693695,-0.1027027027027021,-78.52792792792795,-0.09369369369369308
-78.52792792792795,-0.4,-78.51891891891894,-0.390990990990991
-78.52792792792795,-0.390990990990991,-78.51891891891894,-0.38198198198198197
-78.52792792792795,-0.38198198198198197,-78.51891891891894,-0.37297297297297294
-78.52792792792795,-0.37297297297297294,-78.51891891891894,-0.3639639639639639
-78.52792792792795,-0.3639639639639639,-78.51891891891894,-0.3549549549549549
-78.52792792792795,-0.3549549549549549,-78.51891891891894,-0.34594594594594585
-78.52792792792795,-0.34594594594594585,-78.51891891891894,-0.3369369369369368
-78.52792792792795,-0.3369369369369368,-78.51891891891894,-0.3279279279279278
-78.52792792792795,-0.3279279279279278,-78.51891891891894,-0.31891891891891877
-78.52792792792795,-0.31891891891891877,-78.51891891891894,-0.30990990990990974
-78.52792792792795,-0.30990990990990974,-78.51891891891894,-0.3009009009009007
-78.52792792792795,-0.3009009009009007,-78.51891891891894,-0.2918918918918917
-78.52792792792795,-0.2918918918918917,-78.51891891891894,-0.28288288288288266
-78.52792792792795,-0.28288288288288266,-78.51891891891894,-0.27387387387387363
-78.52792792792795,-0.27387387387387363,-78.51891891891894,-0.2648648648648646
-78.52792792792795,-0.2648648648648646,-78.51891891891894,-0.2558558558558556
-78.52792792792795,-0.2558558558558556,-78.51891891891894,-0.24684684684684657
-78.52792792792795,-0.24684684684684655,-78.51891891891894,-0.23783783783783755
-78.52792792792795,-0.23783783783783752,-78.51891891891894,-0.22882882882882852
-78.52792792792795,-0.2288288288288285,-78.51891891891894,-0.2198198198198195
-78.52792792792795,-0.21981981981981946,-78.51891891891894,-0.21081081081081046
-78.52792792792795,-0.21081081081081043,-78.51891891891894,-0.20180180180180143
-78.52792792792795,-0.2018018018018014,-78.51891891891894,-0.1927927927927924
-78.52792792792795,-0.19279279279279238,-78.51891891891894,-0.18378378378378338
-78.52792792792795,-0.18378378378378335,-78.51891891891894,-0.17477477477477435
-78.52792792792795,-0.17477477477477432,-78.51891891891894,-0.16576576576576532
-78.52792792792795,-0.1657657657657653,-78.51891891891894,-0.1567567567567563
-78.52792792792795,-0.15675675675675627,-78.51891891891894,-0.14774774774774727
-78.52792792792795,-0.14774774774774724,-78.51891891891894,-0.13873873873873824
-78.52792792792795,-0.1387387387387382,-78.51891891891894,-0.1297297297297292
-78.52792792792795,-0.12972972972972918,-78.51891891891894,-0.12072072072072017
-78.52792792792795,-0.12072072072072015,-78.51891891891894,-0.11171171171171114
-78.52792792792795,-0.11171171171171113,-78.51891891891894,-0.10270270270270211
-78.52792792792795,-0.1027027027027021,-78.51891891891894,-0.09369369369369308
-78.51891891891894,-0.4,-78.50990990990994,-0.390990990990991
-78.51891891891894,-0.390990990990991,-78.50990990990994,-0.38198198198198197
-78.51891891891894,-0.38198198198198197,-78.50990990990994,-0.37297297297297294
-78.51891891891894,-0.37297297297297294,-78.50990990990994,-0.3639639639639639
-78.51891891891894,-0.3639639639639639,-78.50990990990994,-0.3549549549549549
-78.51891891891894,-0.3549549549549549,-78.50990990990994,-0.34594594594594585
-78.51891891891894,-0.34594594594594585,-78.50990990990994,-0.3369369369369368
-78.51891891891894,-0.3369369369369368,-78.50990990990994,-0.3279279279279278
-78.51891891891894,-0.3279279279279278,-78.50990990990994,-0.31891891891891877
-78.51891891891894,-0.31891891891891877,-78.50990990990994,-0.30990990990990974
-78.51891891891894,-0.30990990990990974,-78.50990990990994,-0.3009009009009007
-78.51891891891894,-0.3009009009009007,-78.50990990990994,-0.2918918918918917
-78.51891891891894,-0.2918918918918917,-78.50990990990994,-0.28288288288288266
-78.51891891891894,-0.28288288288288266,-78.50990990990994,-0.27387387387387363
-78.51891891891894,-0.27387387387387363,-78.50990990990994,-0.2648648648648646
-78.51891891891894,-0.2648648648648646,-78.50990990990994,-0.2558558558558556
-78.51891891891894,-0.2558558558558556,-78.50990990990994,-0.24684684684684657
-78.51891891891894,-0.24684684684684655,-78.50990990990994,-0.23783783783783755
-78.51891891891894,-0.23783783783783752,-78.50990990990994,-0.22882882882882852
-78.51891891891894,-0.2288288288288285,-78.50990990990994,-0.2198198198198195
-78.51891891891894,-0.21981981981981946,-78.50990990990994,-0.21081081081081046
-78.51891891891894,-0.21081081081081043,-78.50990990990994,-0.20180180180180143
-78.51891891891894,-0.2018018018018014,-78.50990990990994,-0.1927927927927924
-78.51891891891894,-0.19279279279279238,-78.50990990990994,-0.18378378378378338
-78.51891891891894,-0.18378378378378335,-78.50990990990994,-0.17477477477477435
-78.51891891891894,-0.17477477477477432,-78.50990990990994,-0.16576576576576532
-78.51891891891894,-0.1657657657657653,-78.50990990990994,-0.1567567567567563
-78.51891891891894,-0.15675675675675627,-78.50990990990994,-0.14774774774774727
-78.51891891891894,-0.14774774774774724,-78.50990990990994,-0.13873873873873824
-78.51891891891894,-0.1387387387387382,-78.50990990990994,-0.1297297297297292
-78.51891891891894,-0.12972972972972918,-78.50990990990994,-0.12072072072072017
-78.51891891891894,-0.12072072072072015,-78.50990990990994,-0.11171171171171114
-78.51891891891894,-0.11171171171171113,-78.50990990990994,-0.10270270270270211
-78.51891891891894,-0.1027027027027021,-78.50990990990994,-0.09369369369369308
-78.50990990990994,-0.4,-78.50090090090093,-0.390990990990991
-78.50990990990994,-0.390990990990991,-78.50090090090093,-0.38198198198198197
-78.50990990990994,-0.38198198198198197,-78.50090090090093,-0.37297297297297294
-78.50990990990994,-0.37297297297297294,-78.50090090090093,-0.3639639639639639
-78.50990990990994,-0.3639639639639639,-78.50090090090093,-0.3549549549549549
-78.50990990990994,-0.3549549549549549,-78.50090090090093,-0.34594594594594585
-78.50990990990994,-0.34594594594594585,-78.50090090090093,-0.3369369369369368
-78.50990990990994,-0.3369369369369368,-78.50090090090093,-0.3279279279279278
-78.50990990990994,-0.3279279279279278,-78.50090090090093,-0.31891891891891877
-78.50990990990994,-0.31891891891891877,-78.50090090090093,-0.30990990990990974
-78.50990990990994,-0.30990990990990974,-78.50090090090093,-0.3009009009009007
-78.50990990990994,-0.3009009009009007,-78.50090090090093,-0.2918918918918917
-78.50990990990994,-0.2918918918918917,-78.50090090090093,-0.28288288288288266
-78.50990990990994,-0.28288288288288266,-78.50090090090093,-0.27387387387387363
-78.50990990990994,-0.27387387387387363,-78.50090090090093,-0.2648648648648646
-78.50990990990994,-0.2648648648648646,-78.50090090090093,-0.2558558558558556
-78.50990990990994,-0.2558558558558556,-78.50090090090093,-0.24684684684684657
-78.50990990990994,-0.24684684684684655,-78.50090090090093,-0.23783783783783755
-78.50990990990994,-0.23783783783783752,-78.50090090090093,-0.22882882882882852
-78.50990990990994,-0.2288288288288285,-78.50090090090093,-0.2198198198198195
-78.50990990990994,-0.21981981981981946,-78.50090090090093,-0.21081081081081046
-78.50990990990994,-0.21081081081081043,-78.50090090090093,-0.20180180180180143
-78.50990990990994,-0.2018018018018014,-78.50090090090093,-0.1927927927927924
-78.50990990990994,-0.19279279279279238,-78.50090090090093,-0.18378378378378338
-78.50990990990994,-0.18378378378378335,-78.50090090090093,-0.17477477477477435
-78.50990990990994,-0.17477477477477432,-78.50090090090093,-0.16576576576576532
-78.50990990990994,-0.1657657657657653,-78.50090090090093,-0.1567567567567563
-78.50990990990994,-0.15675675675675627,-78.50090090090093,-0.14774774774774727
-78.50990990990994,-0.14774774774774724,-78.50090090090093,-0.13873873873873824
-78.50990990990994,-0.1387387387387382,-78.50090090090093,-0.1297297297297292
-78.50990990990994,-0.12972972972972918,-78.50090090090093,-0.12072072072072017
-78.50990990990994,-0.12072072072072015,-78.50090090090093,-0.11171171171171114
-78.50990990990994,-0.11171171171171113,-78.50090090090093,-0.10270270270270211
-78.50990990990994,-0.1027027027027021,-78.50090090090093,-0.09369369369369308
-78.50090090090093,-0.4,-78.49189189189192,-0.390990990990991
-78.50090090090093,-0.390990990990991,-78.49189189189192,-0.38198198198198197
-78.50090090090093,-0.38198198198198197,-78.49189189189192,-0.37297297297297294
-78.50090090090093,-0.37297297297297294,-78.49189189189192,-0.3639639639639639
-78.50090090090093,-0.3639639639639639,-78.49189189189192,-0.3549549549549549
-78.50090090090093,-0.3549549549549549,-78.49189189189192,-0.34594594594594585
-78.50090090090093,-0.34594594594594585,-78.49189189189192,-0.3369369369369368
-78.50090090090093,-0.3369369369369368,-78.49189189189192,-0.3279279279279278
-78.50090090090093,-0.3279279279279278,-78.49189189189192,-0.31891891891891877
-78.50090090090093,-0.31891891891891877,-78.49189189189192,-0.30990990990990974
-78.50090090090093,-0.30990990990990974,-78.49189189189192,-0.3009009009009007
-78.50090090090093,-0.3009009009009007,-78.49189189189192,-0.2918918918918917
-78.50090090090093,-0.2918918918918917,-78.49189189189192,-0.28288288288288266
-78.50090090090093,-0.28288288288288266,-78.49189189189192,-0.27387387387387363
-78.50090090090093,-0.27387387387387363,-78.49189189189192,-0.2648648648648646
-78.50090090090093,-0.2648648648648646,-78.49189189189192,-0.2558558558558556
-78.50090090090093,-0.2558558558558556,-78.49189189189192,-0.24684684684684657
-78.50090090090093,-0.24684684684684655,-78.49189189189192,-0.23783783783783755
-78.50090090090093,-0.23783783783783752,-78.49189189189192,-0.22882882882882852
-78.50090090090093,-0.2288288288288285,-78.49189189189192,-0.2198198198198195
-78.50090090090093,-0.21981981981981946,-78.49189189189192,-0.21081081081081046
-78.50090090090093,-0.21081081081081043,-78.49189189189192,-0.20180180180180143
-78.50090090090093,-0.2018018018018014,-78.49189189189192,-0.1927927927927924
-78.50090090090093,-0.19279279279279238,-78.49189189189192,-0.18378378378378338
-78.50090090090093,-0.18378378378378335,-78.49189189189192,-0.17477477477477435
-78.50090090090093,-0.17477477477477432,-78.49189189189192,-0.16576576576576532
-78.50090090090093,-0.1657657657657653,-78.49189189189192,-0.1567567567567563
-78.50090090090093,-0.15675675675675627,-78.49189189189192,-0.14774774774774727
-78.50090090090093,-0.14774774774774724,-78.49189189189192,-0.13873873873873824
-78.50090090090093,-0.1387387387387382,-78.49189189189192,-0.1297297297297292
-78.50090090090093,-0.12972972972972918,-78.49189189189192,-0.12072072072072017
-78.50090090090093,-0.12072072072072015,-78.49189189189192,-0.11171171171171114
-78.50090090090093,-0.11171171171171113,-78.49189189189192,-0.10270270270270211
-78.50090090090093,-0.1027027027027021,-78.49189189189192,-0.09369369369369308
-78.49189189189192,-0.4,-78.48288288288292,-0.390990990990991
-78.49189189189192,-0.390990990990991,-78.48288288288292,-0.38198198198198197
-78.49189189189192,-0.38198198198198197,-78.48288288288292,-0.37297297297297294
-78.49189189189192,-0.37297297297297294,-78.48288288288292,-0.3639639639639639
-78.49189189189192,-0.3639639639639639,-78.48288288288292,-0.3549549549549549
-78.49189189189192,-0.3549549549549549,-78.48288288288292,-0.34594594594594585
-78.49189189189192,-0.34594594594594585,-78.48288288288292,-0.3369369369369368
-78.49189189189192,-0.3369369369369368,-78.48288288288292,-0.3279279279279278
-78.49189189189192,-0.3279279279279278,-78.48288288288292,-0.31891891891891877
-78.49189189189192,-0.31891891891891877,-78.48288288288292,-0.30990990990990974
-78.49189189189192,-0.30990990990990974,-78.48288288288292,-0.3009009009009007
-78.49189189189192,-0.3009009009009007,-78.48288288288292,-0.2918918918918917
-78.49189189189192,-0.2918918918918917,-78.48288288288292,-0.28288288288288266
-78.49189189189192,-0.28288288288288266,-78.48288288288292,-0.27387387387387363
-78.49189189189192,-0.27387387387387363,-78.48288288288292,-0.2648648648648646
-78.49189189189192,-0.2648648648648646,-78.48288288288292,-0.2558558558558556
-78.49189189189192,-0.2558558558558556,-78.48288288288292,-0.24684684684684657
-78.49189189189192,-0.24684684684684655,-78.48288288288292,-0.23783783783783755
-78.49189189189192,-0.23783783783783752,-78.48288288288292,-0.22882882882882852
-78.49189189189192,-0.2288288288288285,-78.48288288288292,-0.2198198198198195
-78.49189189189192,-0.21981981981981946,-78.48288288288292,-0.21081081081081046
-78.49189189189192,-0.21081081081081043,-78.48288288288292,-0.20180180180180143
-78.49189189189192,-0.2018018018018014,-78.48288288288292,-0.1927927927927924
-78.49189189189192,-0.19279279279279238,-78.48288288288292,-0.18378378378378338
-78.49189189189192,-0.18378378378378335,-78.48288288288292,-0.17477477477477435
-78.49189189189192,-0.17477477477477432,-78.48288288288292,-0.16576576576576532
-78.49189189189192,-0.1657657657657653,-78.48288288288292,-0.1567567567567563
-78.49189189189192,-0.15675675675675627,-78.48288288288292,-0.14774774774774727
-78.49189189189192,-0.14774774774774724,-78.48288288288292,-0.13873873873873824
-78.49189189189192,-0.1387387387387382,-78.48288288288292,-0.1297297297297292
-78.49189189189192,-0.12972972972972918,-78.48288288288292,-0.12072072072072017
-78.49189189189192,-0.12072072072072015,-78.48288288288292,-0.11171171171171114
-78.49189189189192,-0.11171171171171113,-78.48288288288292,-0.10270270270270211
-78.49189189189192,-0.1027027027027021,-78.48288288288292,-0.09369369369369308
-78.48288288288292,-0.4,-78.47387387387391,-0.390990990990991
-78.48288288288292,-0.390990990990991,-78.47387387387391,-0.38198198198198197
-78.48288288288292,-0.38198198198198197,-78.47387387387391,-0.37297297297297294
-78.48288288288292,-0.37297297297297294,-78.47387387387391,-0.3639639639639639
-78.48288288288292,-0.3639639639639639,-78.47387387387391,-0.3549549549549549
-78.48288288288292,-0.3549549549549549,-78.47387387387391,-0.34594594594594585
-78.48288288288292,-0.34594594594594585,-78.47387387387391,-0.3369369369369368
-78.48288288288292,-0.3369369369369368,-78.47387387387391,-0.3279279279279278
-78.48288288288292,-0.3279279279279278,-78.47387387387391,-0.31891891891891877
-78.48288288288292,-0.31891891891891877,-78.47387387387391,-0.30990990990990974
-78.48288288288292,-0.30990990990990974,-78.47387387387391,-0.3009009009009007
-78.48288288288292,-0.3009009009009007,-78.47387387387391,-0.2918918918918917
-78.48288288288292,-0.2918918918918917,-78.47387387387391,-0.28288288288288266
-78.48288288288292,-0.28288288288288266,-78.47387387387391,-0.27387387387387363
-78.48288288288292,-0.27387387387387363,-78.47387387387391,-0.2648648648648646
-78.48288288288292,-0.2648648648648646,-78.47387387387391,-0.2558558558558556
-78.48288288288292,-0.2558558558558556,-78.47387387387391,-0.24684684684684657
-78.48288288288292,-0.24684684684684655,-78.47387387387391,-0.23783783783783755
-78.48288288288292,-0.23783783783783752,-78.47387387387391,-0.22882882882882852
-78.48288288288292,-0.2288288288288285,-78.47387387387391,-0.2198198198198195
-78.48288288288292,-0.21981981981981946,-78.47387387387391,-0.21081081081081046
-78.48288288288292,-0.21081081081081043,-78.47387387387391,-0.20180180180180143
-78.48288288288292,-0.2018018018018014,-78.47387387387391,-0.1927927927927924
-78.48288288288292,-0.19279279279279238,-78.47387387387391,-0.18378378378378338
-78.48288288288292,-0.18378378378378335,-78.47387387387391,-0.17477477477477435
-78.48288288288292,-0.17477477477477432,-78.47387387387391,-0.16576576576576532
-78.48288288288292,-0.1657657657657653,-78.47387387387391,-0.1567567567567563
-78.48288288288292,-0.15675675675675627,-78.47387387387391,-0.14774774774774727
-78.48288288288292,-0.14774774774774724,-78.47387387387391,-0.13873873873873824
-78.48288288288292,-0.1387387387387382,-78.47387387387391,-0.1297297297297292
-78.48288288288292,-0.12972972972972918,-78.47387387387391,-0.12072072072072017
-78.48288288288292,-0.12072072072072015,-78.47387387387391,-0.11171171171171114
-78.48288288288292,-0.11171171171171113,-78.47387387387391,-0.10270270270270211
-78.48288288288292,-0.1027027027027021,-78.47387387387391,-0.09369369369369308
-78.47387387387391,-0.4,-78.46486486486491,-0.390990990990991
-78.47387387387391,-0.390990990990991,-78.46486486486491,-0.38198198198198197
-78.47387387387391,-0.38198198198198197,-78.46486486486491,-0.37297297297297294
-78.47387387387391,-0.37297297297297294,-78.46486486486491,-0.3639639639639639
-78.47387387387391,-0.3639639639639639,-78.46486486486491,-0.3549549549549549
-78.47387387387391,-0.3549549549549549,-78.46486486486491,-0.34594594594594585
-78.47387387387391,-0.34594594594594585,-78.46486486486491,-0.3369369369369368
-78.47387387387391,-0.3369369369369368,-78.46486486486491,-0.3279279279279278
-78.47387387387391,-0.3279279279279278,-78.46486486486491,-0.31891891891891877
-78.47387387387391,-0.31891891891891877,-78.46486486486491,-0.30990990990990974
-78.47387387387391,-0.30990990990990974,-78.46486486486491,-0.3009009009009007
-78.47387387387391,-0.3009009009009007,-78.46486486486491,-0.2918918918918917
-78.47387387387391,-0.2918918918918917,-78.46486486486491,-0.28288288288288266
-78.47387387387391,-0.28288288288288266,-78.46486486486491,-0.27387387387387363
-78.47387387387391,-0.27387387387387363,-78.46486486486491,-0.2648648648648646
-78.47387387387391,-0.2648648648648646,-78.46486486486491,-0.2558558558558556
-78.47387387387391,-0.2558558558558556,-78.46486486486491,-0.24684684684684657
-78.47387387387391,-0.24684684684684655,-78.46486486486491,-0.23783783783783755
-78.47387387387391,-0.23783783783783752,-78.46486486486491,-0.22882882882882852
-78.47387387387391,-0.2288288288288285,-78.46486486486491,-0.2198198198198195
-78.47387387387391,-0.21981981981981946,-78.46486486486491,-0.21081081081081046
-78.47387387387391,-0.21081081081081043,-78.46486486486491,-0.20180180180180143
-78.47387387387391,-0.2018018018018014,-78.46486486486491,-0.1927927927927924
-78.47387387387391,-0.19279279279279238,-78.46486486486491,-0.18378378378378338
-78.47387387387391,-0.18378378378378335,-78.46486486486491,-0.17477477477477435
-78.47387387387391,-0.17477477477477432,-78.46486486486491,-0.16576576576576532
-78.47387387387391,-0.1657657657657653,-78.46486486486491,-0.1567567567567563
-78.47387387387391,-0.15675675675675627,-78.46486486486491,-0.14774774774774727
-78.47387387387391,-0.14774774774774724,-78.46486486486491,-0.13873873873873824
-78.47387387387391,-0.1387387387387382,-78.46486486486491,-0.1297297297297292
-78.47387387387391,-0.12972972972972918,-78.46486486486491,-0.12072072072072017
-78.47387387387391,-0.12072072072072015,-78.46486486486491,-0.11171171171171114
-78.47387387387391,-0.11171171171171113,-78.46486486486491,-0.10270270270270211
-78.47387387387391,-0.1027027027027021,-78.46486486486491,-0.09369369369369308
-78.46486486486491,-0.4,-78.4558558558559,-0.390990990990991
-78.46486486486491,-0.390990990990991,-78.4558558558559,-0.38198198198198197
-78.46486486486491,-0.38198198198198197,-78.4558558558559,-0.37297297297297294
-78.46486486486491,-0.37297297297297294,-78.4558558558559,-0.3639639639639639
-78.46486486486491,-0.3639639639639639,-78.4558558558559,-0.3549549549549549
-78.46486486486491,-0.3549549549549549,-78.4558558558559,-0.34594594594594585
-78.46486486486491,-0.34594594594594585,-78.4558558558559,-0.3369369369369368
-78.46486486486491,-0.3369369369369368,-78.4558558558559,-0.3279279279279278
-78.46486486486491,-0.3279279279279278,-78.4558558558559,-0.31891891891891877
-78.46486486486491,-0.31891891891891877,-78.4558558558559,-0.30990990990990974
-78.46486486486491,-0.30990990990990974,-78.4558558558559,-0.3009009009009007
-78.46486486486491,-0.3009009009009007,-78.4558558558559,-0.2918918918918917
-78.46486486486491,-0.2918918918918917,-78.4558558558559,-0.28288288288288266
-78.46486486486491,-0.28288288288288266,-78.4558558558559,-0.27387387387387363
-78.46486486486491,-0.27387387387387363,-78.4558558558559,-0.2648648648648646
-78.46486486486491,-0.2648648648648646,-78.4558558558559,-0.2558558558558556
-78.46486486486491,-0.2558558558558556,-78.4558558558559,-0.24684684684684657
-78.46486486486491,-0.24684684684684655,-78.4558558558559,-0.23783783783783755
-78.46486486486491,-0.23783783783783752,-78.4558558558559,-0.22882882882882852
-78.46486486486491,-0.2288288288288285,-78.4558558558559,-0.2198198198198195
-78.46486486486491,-0.21981981981981946,-78.4558558558559,-0.21081081081081046
-78.46486486486491,-0.21081081081081043,-78.4558558558559,-0.20180180180180143
-78.46486486486491,-0.2018018018018014,-78.4558558558559,-0.1927927927927924
-78.46486486486491,-0.19279279279279238,-78.4558558558559,-0.18378378378378338
-78.46486486486491,-0.18378378378378335,-78.4558558558559,-0.17477477477477435
-78.46486486486491,-0.17477477477477432,-78.4558558558559,-0.16576576576576532
-78.46486486486491,-0.1657657657657653,-78.4558558558559,-0.1567567567567563
-78.46486486486491,-0.15675675675675627,-78.4558558558559,-0.14774774774774727
-78.46486486486491,-0.14774774774774724,-78.4558558558559,-0.13873873873873824
-78.46486486486491,-0.1387387387387382,-78.4558558558559,-0.1297297297297292
-78.46486486486491,-0.12972972972972918,-78.4558558558559,-0.12072072072072017
-78.46486486486491,-0.12072072072072015,-78.4558558558559,-0.11171171171171114
-78.46486486486491,-0.11171171171171113,-78.4558558558559,-0.10270270270270211
-78.46486486486491,-0.1027027027027021,-78.4558558558559,-0.09369369369369308
-78.4558558558559,-0.4,-78.4468468468469,-0.390990990990991
-78.4558558558559,-0.390990990990991,-78.4468468468469,-0.38198198198198197
-78.4558558558559,-0.38198198198198197,-78.4468468468469,-0.37297297297297294
-78.4558558558559,-0.37297297297297294,-78.4468468468469,-0.3639639639639639
-78.4558558558559,-0.3639639639639639,-78.4468468468469,-0.3549549549549549
-78.4558558558559,-0.3549549549549549,-78.4468468468469,-0.34594594594594585
-78.4558558558559,-0.34594594594594585,-78.4468468468469,-0.3369369369369368
-78.4558558558559,-0.3369369369369368,-78.4468468468469,-0.3279279279279278
-78.4558558558559,-0.3279279279279278,-78.4468468468469,-0.31891891891891877
-78.4558558558559,-0.31891891891891877,-78.4468468468469,-0.30990990990990974
-78.4558558558559,-0.30990990990990974,-78.4468468468469,-0.3009009009009007
-78.4558558558559,-0.3009009009009007,-78.4468468468469,-0.2918918918918917
-78.4558558558559,-0.2918918918918917,-78.4468468468469,-0.28288288288288266
-78.4558558558559,-0.28288288288288266,-78.4468468468469,-0.27387387387387363
-78.4558558558559,-0.27387387387387363,-78.4468468468469,-0.2648648648648646
-78.4558558558559,-0.2648648648648646,-78.4468468468469,-0.2558558558558556
-78.4558558558559,-0.2558558558558556,-78.4468468468469,-0.24684684684684657
-78.4558558558559,-0.24684684684684655,-78.4468468468469,-0.23783783783783755
-78.4558558558559,-0.23783783783783752,-78.4468468468469,-0.22882882882882852
-78.4558558558559,-0.2288288288288285,-78.4468468468469,-0.2198198198198195
-78.4558558558559,-0.21981981981981946,-78.4468468468469,-0.21081081081081046
-78.4558558558559,-0.21081081081081043,-78.4468468468469,-0.20180180180180143
-78.4558558558559,-0.2018018018018014,-78.4468468468469,-0.1927927927927924
-78.4558558558559,-0.19279279279279238,-78.4468468468469,-0.18378378378378338
-78.4558558558559,-0.18378378378378335,-78.4468468468469,-0.17477477477477435
-78.4558558558559,-0.17477477477477432,-78.4468468468469,-0.16576576576576532
-78.4558558558559,-0.1657657657657653,-78.4468468468469,-0.1567567567567563
-78.4558558558559,-0.15675675675675627,-78.4468468468469,-0.14774774774774727
-78.4558558558559,-0.14774774774774724,-78.4468468468469,-0.13873873873873824
-78.4558558558559,-0.1387387387387382,-78.4468468468469,-0.1297297297297292
-78.4558558558559,-0.12972972972972918,-78.4468468468469,-0.12072072072072017
-78.4558558558559,-0.12072072072072015,-78.4468468468469,-0.11171171171171114
-78.4558558558559,-0.11171171171171113,-78.4468468468469,-0.10270270270270211
-78.4558558558559,-0.1027027027027021,-78.4468468468469,-0.09369369369369308
-78.4468468468469,-0.4,-78.43783783783789,-0.390990990990991
-78.4468468468469,-0.390990990990991,-78.43783783783789,-0.38198198198198197
-78.4468468468469,-0.38198198198198197,-78.43783783783789,-0.37297297297297294
-78.4468468468469,-0.37297297297297294,-78.43783783783789,-0.3639639639639639
-78.4468468468469,-0.3639639639639639,-78.43783783783789,-0.3549549549549549
-78.4468468468469,-0.3549549549549549,-78.43783783783789,-0.34594594594594585
-78.4468468468469,-0.34594594594594585,-78.43783783783789,-0.3369369369369368
-78.4468468468469,-0.3369369369369368,-78.43783783783789,-0.3279279279279278
-78.4468468468469,-0.3279279279279278,-78.43783783783789,-0.31891891891891877
-78.4468468468469,-0.31891891891891877,-78.43783783783789,-0.30990990990990974
-78.4468468468469,-0.30990990990990974,-78.43783783783789,-0.3009009009009007
-78.4468468468469,-0.3009009009009007,-78.43783783783789,-0.2918918918918917
-78.4468468468469,-0.2918918918918917,-78.43783783783789,-0.28288288288288266
-78.4468468468469,-0.28288288288288266,-78.43783783783789,-0.27387387387387363
-78.4468468468469,-0.27387387387387363,-78.43783783783789,-0.2648648648648646
-78.4468468468469,-0.2648648648648646,-78.43783783783789,-0.2558558558558556
-78.4468468468469,-0.2558558558558556,-78.43783783783789,-0.24684684684684657
-78.4468468468469,-0.24684684684684655,-78.43783783783789,-0.23783783783783755
-78.4468468468469,-0.23783783783783752,-78.43783783783789,-0.22882882882882852
-78.4468468468469,-0.2288288288288285,-78.43783783783789,-0.2198198198198195
-78.4468468468469,-0.21981981981981946,-78.43783783783789,-0.21081081081081046
-78.4468468468469,-0.21081081081081043,-78.43783783783789,-0.20180180180180143
-78.4468468468469,-0.2018018018018014,-78.43783783783789,-0.1927927927927924
-78.4468468468469,-0.19279279279279238,-78.43783783783789,-0.18378378378378338
-78.4468468468469,-0.18378378378378335,-78.43783783783789,-0.17477477477477435
-78.4468468468469,-0.17477477477477432,-78.43783783783789,-0.16576576576576532
-78.4468468468469,-0.1657657657657653,-78.43783783783789,-0.1567567567567563
-78.4468468468469,-0.15675675675675627,-78.43783783783789,-0.14774774774774727
-78.4468468468469,-0.14774774774774724,-78.43783783783789,-0.13873873873873824
-78.4468468468469,-0.1387387387387382,-78.43783783783789,-0.1297297297297292
-78.4468468468469,-0.12972972972972918,-78.43783783783789,-0.12072072072072017
-78.4468468468469,-0.12072072072072015,-78.43783783783789,-0.11171171171171114
-78.4468468468469,-0.11171171171171113,-78.43783783783789,-0.10270270270270211
-78.4468468468469,-0.1027027027027021,-78.43783783783789,-0.09369369369369308
-78.43783783783789,-0.4,-78.42882882882888,-0.390990990990991
-78.43783783783789,-0.390990990990991,-78.42882882882888,-0.38198198198198197
-78.43783783783789,-0.38198198198198197,-78.42882882882888,-0.37297297297297294
-78.43783783783789,-0.37297297297297294,-78.42882882882888,-0.3639639639639639
-78.43783783783789,-0.3639639639639639,-78.42882882882888,-0.3549549549549549
-78.43783783783789,-0.3549549549549549,-78.42882882882888,-0.34594594594594585
-78.43783783783789,-0.34594594594594585,-78.42882882882888,-0.3369369369369368
-78.43783783783789,-0.3369369369369368,-78.42882882882888,-0.3279279279279278
-78.43783783783789,-0.3279279279279278,-78.42882882882888,-0.31891891891891877
-78.43783783783789,-0.31891891891891877,-78.42882882882888,-0.30990990990990974
-78.43783783783789,-0.30990990990990974,-78.42882882882888,-0.3009009009009007
-78.43783783783789,-0.3009009009009007,-78.42882882882888,-0.2918918918918917
-78.43783783783789,-0.2918918918918917,-78.42882882882888,-0.28288288288288266
-78.43783783783789,-0.28288288288288266,-78.42882882882888,-0.27387387387387363
-78.43783783783789,-0.27387387387387363,-78.42882882882888,-0.2648648648648646
-78.43783783783789,-0.2648648648648646,-78.42882882882888,-0.2558558558558556
-78.43783783783789,-0.2558558558558556,-78.42882882882888,-0.24684684684684657
-78.43783783783789,-0.24684684684684655,-78.42882882882888,-0.23783783783783755
-78.43783783783789,-0.23783783783783752,-78.42882882882888,-0.22882882882882852
-78.43783783783789,-0.2288288288288285,-78.42882882882888,-0.2198198198198195
-78.43783783783789,-0.21981981981981946,-78.42882882882888,-0.21081081081081046
-78.43783783783789,-0.21081081081081043,-78.42882882882888,-0.20180180180180143
-78.43783783783789,-0.2018018018018014,-78.42882882882888,-0.1927927927927924
-78.43783783783789,-0.19279279279279238,-78.42882882882888,-0.18378378378378338
-78.43783783783789,-0.18378378378378335,-78.42882882882888,-0.17477477477477435
-78.43783783783789,-0.17477477477477432,-78.42882882882888,-0.16576576576576532
-78.43783783783789,-0.1657657657657653,-78.42882882882888,-0.1567567567567563
-78.43783783783789,-0.15675675675675627,-78.42882882882888,-0.14774774774774727
-78.43783783783789,-0.14774774774774724,-78.42882882882888,-0.13873873873873824
-78.43783783783789,-0.1387387387387382,-78.42882882882888,-0.1297297297297292
-78.43783783783789,-0.12972972972972918,-78.42882882882888,-0.12072072072072017
-78.43783783783789,-0.12072072072072015,-78.42882882882888,-0.11171171171171114
-78.43783783783789,-0.11171171171171113,-78.42882882882888,-0.10270270270270211
-78.43783783783789,-0.1027027027027021,-78.42882882882888,-0.09369369369369308
-78.42882882882888,-0.4,-78.41981981981988,-0.390990990990991
-78.42882882882888,-0.390990990990991,-78.41981981981988,-0.38198198198198197
-78.42882882882888,-0.38198198198198197,-78.41981981981988,-0.37297297297297294
-78.42882882882888,-0.37297297297297294,-78.41981981981988,-0.3639639639639639
-78.42882882882888,-0.3639639639639639,-78.41981981981988,-0.3549549549549549
-78.42882882882888,-0.3549549549549549,-78.41981981981988,-0.34594594594594585
-78.42882882882888,-0.34594594594594585,-78.41981981981988,-0.3369369369369368
-78.42882882882888,-0.3369369369369368,-78.41981981981988,-0.3279279279279278
-78.42882882882888,-0.3279279279279278,-78.41981981981988,-0.31891891891891877
-78.42882882882888,-0.31891891891891877,-78.41981981981988,-0.30990990990990974
-78.42882882882888,-0.30990990990990974,-78.41981981981988,-0.3009009009009007
-78.42882882882888,-0.3009009009009007,-78.41981981981988,-0.2918918918918917
-78.42882882882888,-0.2918918918918917,-78.41981981981988,-0.28288288288288266
-78.42882882882888,-0.28288288288288266,-78.41981981981988,-0.27387387387387363
-78.42882882882888,-0.27387387387387363,-78.41981981981988,-0.2648648648648646
-78.42882882882888,-0.2648648648648646,-78.41981981981988,-0.2558558558558556
-78.42882882882888,-0.2558558558558556,-78.41981981981988,-0.24684684684684657
-78.42882882882888,-0.24684684684684655,-78.41981981981988,-0.23783783783783755
-78.42882882882888,-0.23783783783783752,-78.41981981981988,-0.22882882882882852
-78.42882882882888,-0.2288288288288285,-78.41981981981988,-0.2198198198198195
-78.42882882882888,-0.21981981981981946,-78.41981981981988,-0.21081081081081046
-78.42882882882888,-0.21081081081081043,-78.41981981981988,-0.20180180180180143
-78.42882882882888,-0.2018018018018014,-78.41981981981988,-0.1927927927927924
-78.42882882882888,-0.19279279279279238,-78.41981981981988,-0.18378378378378338
-78.42882882882888,-0.18378378378378335,-78.41981981981988,-0.17477477477477435
-78.42882882882888,-0.17477477477477432,-78.41981981981988,-0.16576576576576532
-78.42882882882888,-0.1657657657657653,-78.41981981981988,-0.1567567567567563
-78.42882882882888,-0.15675675675675627,-78.41981981981988,-0.14774774774774727
-78.42882882882888,-0.14774774774774724,-78.41981981981988,-0.13873873873873824
-78.42882882882888,-0.1387387387387382,-78.41981981981988,-0.1297297297297292
-78.42882882882888,-0.12972972972972918,-78.41981981981988,-0.12072072072072017
-78.42882882882888,-0.12072072072072015,-78.41981981981988,-0.11171171171171114
-78.42882882882888,-0.11171171171171113,-78.41981981981988,-0.10270270270270211
-78.42882882882888,-0.1027027027027021,-78.41981981981988,-0.09369369369369308
-78.41981981981988,-0.4,-78.41081081081087,-0.390990990990991
-78.41981981981988,-0.390990990990991,-78.41081081081087,-0.38198198198198197
-78.41981981981988,-0.38198198198198197,-78.41081081081087,-0.37297297297297294
-78.41981981981988,-0.37297297297297294,-78.41081081081087,-0.3639639639639639
-78.41981981981988,-0.3639639639639639,-78.41081081081087,-0.3549549549549549
-78.41981981981988,-0.3549549549549549,-78.41081081081087,-0.34594594594594585
-78.41981981981988,-0.34594594594594585,-78.41081081081087,-0.3369369369369368
-78.41981981981988,-0.3369369369369368,-78.41081081081087,-0.3279279279279278
-78.41981981981988,-0.3279279279279278,-78.41081081081087,-0.31891891891891877
-78.41981981981988,-0.31891891891891877,-78.41081081081087,-0.30990990990990974
-78.41981981981988,-0.30990990990990974,-78.41081081081087,-0.3009009009009007
-78.41981981981988,-0.3009009009009007,-78.41081081081087,-0.2918918918918917
-78.41981981981988,-0.2918918918918917,-78.41081081081087,-0.28288288288288266
-78.41981981981988,-0.28288288288288266,-78.41081081081087,-0.27387387387387363
-78.41981981981988,-0.27387387387387363,-78.41081081081087,-0.2648648648648646
-78.41981981981988,-0.2648648648648646,-78.41081081081087,-0.2558558558558556
-78.41981981981988,-0.2558558558558556,-78.41081081081087,-0.24684684684684657
-78.41981981981988,-0.24684684684684655,-78.41081081081087,-0.23783783783783755
-78.41981981981988,-0.23783783783783752,-78.41081081081087,-0.22882882882882852
-78.41981981981988,-0.2288288288288285,-78.41081081081087,-0.2198198198198195
-78.41981981981988,-0.21981981981981946,-78.41081081081087,-0.21081081081081046
-78.41981981981988,-0.21081081081081043,-78.41081081081087,-0.20180180180180143
-78.41981981981988,-0.2018018018018014,-78.41081081081087,-0.1927927927927924
-78.41981981981988,-0.19279279279279238,-78.41081081081087,-0.18378378378378338
-78.41981981981988,-0.18378378378378335,-78.41081081081087,-0.17477477477477435
-78.41981981981988,-0.17477477477477432,-78.41081081081087,-0.16576576576576532
-78.41981981981988,-0.1657657657657653,-78.41081081081087,-0.1567567567567563
-78.41981981981988,-0.15675675675675627,-78.41081081081087,-0.14774774774774727
-78.41981981981988,-0.14774774774774724,-78.41081081081087,-0.13873873873873824
-78.41981981981988,-0.1387387387387382,-78.41081081081087,-0.1297297297297292
-78.41981981981988,-0.12972972972972918,-78.41081081081087,-0.12072072072072017
-78.41981981981988,-0.12072072072072015,-78.41081081081087,-0.11171171171171114
-78.41981981981988,-0.11171171171171113,-78.41081081081087,-0.10270270270270211
-78.41981981981988,-0.1027027027027021,-78.41081081081087,-0.09369369369369308
-78.41081081081087,-0.4,-78.40180180180187,-0.390990990990991
-78.41081081081087,-0.390990990990991,-78.40180180180187,-0.38198198198198197
-78.41081081081087,-0.38198198198198197,-78.40180180180187,-0.37297297297297294
-78.41081081081087,-0.37297297297297294,-78.40180180180187,-0.3639639639639639
-78.41081081081087,-0.3639639639639639,-78.40180180180187,-0.3549549549549549
-78.41081081081087,-0.3549549549549549,-78.40180180180187,-0.34594594594594585
-78.41081081081087,-0.34594594594594585,-78.40180180180187,-0.3369369369369368
-78.41081081081087,-0.3369369369369368,-78.40180180180187,-0.3279279279279278
-78.41081081081087,-0.3279279279279278,-78.40180180180187,-0.31891891891891877
-78.41081081081087,-0.31891891891891877,-78.40180180180187,-0.30990990990990974
-78.41081081081087,-0.30990990990990974,-78.40180180180187,-0.3009009009009007
-78.41081081081087,-0.3009009009009007,-78.40180180180187,-0.2918918918918917
-78.41081081081087,-0.2918918918918917,-78.40180180180187,-0.28288288288288266
-78.41081081081087,-0.28288288288288266,-78.40180180180187,-0.27387387387387363
-78.41081081081087,-0.27387387387387363,-78.40180180180187,-0.2648648648648646
-78.41081081081087,-0.2648648648648646,-78.40180180180187,-0.2558558558558556
-78.41081081081087,-0.2558558558558556,-78.40180180180187,-0.24684684684684657
-78.41081081081087,-0.24684684684684655,-78.40180180180187,-0.23783783783783755
-78.41081081081087,-0.23783783783783752,-78.40180180180187,-0.22882882882882852
-78.41081081081087,-0.2288288288288285,-78.40180180180187,-0.2198198198198195
-78.41081081081087,-0.21981981981981946,-78.40180180180187,-0.21081081081081046
-78.41081081081087,-0.21081081081081043,-78.40180180180187,-0.20180180180180143
-78.41081081081087,-0.2018018018018014,-78.40180180180187,-0.1927927927927924
-78.41081081081087,-0.19279279279279238,-78.40180180180187,-0.18378378378378338
-78.41081081081087,-0.18378378378378335,-78.40180180180187,-0.17477477477477435
-78.41081081081087,-0.17477477477477432,-78.40180180180187,-0.16576576576576532
-78.41081081081087,-0.1657657657657653,-78.40180180180187,-0.1567567567567563
-78.41081081081087,-0.15675675675675627,-78.40180180180187,-0.14774774774774727
-78.41081081081087,-0.14774774774774724,-78.40180180180187,-0.13873873873873824
-78.41081081081087,-0.1387387387387382,-78.40180180180187,-0.1297297297297292
-78.41081081081087,-0.12972972972972918,-78.40180180180187,-0.12072072072072017
-78.41081081081087,-0.12072072072072015,-78.40180180180187,-0.11171171171171114
-78.41081081081087,-0.11171171171171113,-78.40180180180187,-0.10270270270270211
-78.41081081081087,-0.1027027027027021,-78.40180180180187,-0.09369369369369308
-78.40180180180187,-0.4,-78.39279279279286,-0.390990990990991
-78.40180180180187,-0.390990990990991,-78.39279279279286,-0.38198198198198197
-78.40180180180187,-0.38198198198198197,-78.39279279279286,-0.37297297297297294
-78.40180180180187,-0.37297297297297294,-78.39279279279286,-0.3639639639639639
-78.40180180180187,-0.3639639639639639,-78.39279279279286,-0.3549549549549549
-78.40180180180187,-0.3549549549549549,-78.39279279279286,-0.34594594594594585
-78.40180180180187,-0.34594594594594585,-78.39279279279286,-0.3369369369369368
-78.40180180180187,-0.3369369369369368,-78.39279279279286,-0.3279279279279278
-78.40180180180187,-0.3279279279279278,-78.39279279279286,-0.31891891891891877
-78.40180180180187,-0.31891891891891877,-78.39279279279286,-0.30990990990990974
-78.40180180180187,-0.30990990990990974,-78.39279279279286,-0.3009009009009007
-78.40180180180187,-0.3009009009009007,-78.39279279279286,-0.2918918918918917
-78.40180180180187,-0.2918918918918917,-78.39279279279286,-0.28288288288288266
-78.40180180180187,-0.28288288288288266,-78.39279279279286,-0.27387387387387363
-78.40180180180187,-0.27387387387387363,-78.39279279279286,-0.2648648648648646
-78.40180180180187,-0.2648648648648646,-78.39279279279286,-0.2558558558558556
-78.40180180180187,-0.2558558558558556,-78.39279279279286,-0.24684684684684657
-78.40180180180187,-0.24684684684684655,-78.39279279279286,-0.23783783783783755
-78.40180180180187,-0.23783783783783752,-78.39279279279286,-0.22882882882882852
-78.40180180180187,-0.2288288288288285,-78.39279279279286,-0.2198198198198195
-78.40180180180187,-0.21981981981981946,-78.39279279279286,-0.21081081081081046
-78.40180180180187,-0.21081081081081043,-78.39279279279286,-0.20180180180180143
-78.40180180180187,-0.2018018018018014,-78.39279279279286,-0.1927927927927924
-78.40180180180187,-0.19279279279279238,-78.39279279279286,-0.18378378378378338
-78.40180180180187,-0.18378378378378335,-78.39279279279286,-0.17477477477477435
-78.40180180180187,-0.17477477477477432,-78.39279279279286,-0.16576576576576532
-78.40180180180187,-0.1657657657657653,-78.39279279279286,-0.1567567567567563
-78.40180180180187,-0.15675675675675627,-78.39279279279286,-0.14774774774774727
-78.40180180180187,-0.14774774774774724,-78.39279279279286,-0.13873873873873824
-78.40180180180187,-0.1387387387387382,-78.39279279279286,-0.1297297297297292
-78.40180180180187,-0.12972972972972918,-78.39279279279286,-0.12072072072072017
-78.40180180180187,-0.12072072072072015,-78.39279279279286,-0.11171171171171114
-78.40180180180187,-0.11171171171171113,-78.39279279279286,-0.10270270270270211
-78.40180180180187,-0.1027027027027021,-78.39279279279286,-0.09369369369369308
-78.39279279279286,-0.4,-78.38378378378385,-0.390990990990991
-78.39279279279286,-0.390990990990991,-78.38378378378385,-0.38198198198198197
-78.39279279279286,-0.38198198198198197,-78.38378378378385,-0.37297297297297294
-78.39279279279286,-0.37297297297297294,-78.38378378378385,-0.3639639639639639
-78.39279279279286,-0.3639639639639639,-78.38378378378385,-0.3549549549549549
-78.39279279279286,-0.3549549549549549,-78.38378378378385,-0.34594594594594585
-78.39279279279286,-0.34594594594594585,-78.38378378378385,-0.3369369369369368
-78.39279279279286,-0.3369369369369368,-78.38378378378385,-0.3279279279279278
-78.39279279279286,-0.3279279279279278,-78.38378378378385,-0.31891891891891877
-78.39279279279286,-0.31891891891891877,-78.38378378378385,-0.30990990990990974
-78.39279279279286,-0.30990990990990974,-78.38378378378385,-0.3009009009009007
-78.39279279279286,-0.3009009009009007,-78.38378378378385,-0.2918918918918917
-78.39279279279286,-0.2918918918918917,-78.38378378378385,-0.28288288288288266
-78.39279279279286,-0.28288288288288266,-78.38378378378385,-0.27387387387387363
-78.39279279279286,-0.27387387387387363,-78.38378378378385,-0.2648648648648646
-78.39279279279286,-0.2648648648648646,-78.38378378378385,-0.2558558558558556
-78.39279279279286,-0.2558558558558556,-78.38378378378385,-0.24684684684684657
-78.39279279279286,-0.24684684684684655,-78.38378378378385,-0.23783783783783755
-78.39279279279286,-0.23783783783783752,-78.38378378378385,-0.22882882882882852
-78.39279279279286,-0.2288288288288285,-78.38378378378385,-0.2198198198198195
-78.39279279279286,-0.21981981981981946,-78.38378378378385,-0.21081081081081046
-78.39279279279286,-0.21081081081081043,-78.38378378378385,-0.20180180180180143
-78.39279279279286,-0.2018018018018014,-78.38378378378385,-0.1927927927927924
-78.39279279279286,-0.19279279279279238,-78.38378378378385,-0.18378378378378338
-78.39279279279286,-0.18378378378378335,-78.38378378378385,-0.17477477477477435
-78.39279279279286,-0.17477477477477432,-78.38378378378385,-0.16576576576576532
-78.39279279279286,-0.1657657657657653,-78.38378378378385,-0.1567567567567563
-78.39279279279286,-0.15675675675675627,-78.38378378378385,-0.14774774774774727
-78.39279279279286,-0.14774774774774724,-78.38378378378385,-0.13873873873873824
-78.39279279279286,-0.1387387387387382,-78.38378378378385,-0.1297297297297292
-78.39279279279286,-0.12972972972972918,-78.38378378378385,-0.12072072072072017
-78.39279279279286,-0.12072072072072015,-78.38378378378385,-0.11171171171171114
-78.39279279279286,-0.11171171171171113,-78.38378378378385,-0.10270270270270211
-78.39279279279286,-0.1027027027027021,-78.38378378378385,-0.09369369369369308
-78.38378378378385,-0.4,-78.37477477477485,-0.390990990990991
-78.38378378378385,-0.390990990990991,-78.37477477477485,-0.38198198198198197
-78.38378378378385,-0.38198198198198197,-78.37477477477485,-0.37297297297297294
-78.38378378378385,-0.37297297297297294,-78.37477477477485,-0.3639639639639639
-78.38378378378385,-0.3639639639639639,-78.37477477477485,-0.3549549549549549
-78.38378378378385,-0.3549549549549549,-78.37477477477485,-0.34594594594594585
-78.38378378378385,-0.34594594594594585,-78.37477477477485,-0.3369369369369368
-78.38378378378385,-0.3369369369369368,-78.37477477477485,-0.3279279279279278
-78.38378378378385,-0.3279279279279278,-78.37477477477485,-0.31891891891891877
-78.38378378378385,-0.31891891891891877,-78.37477477477485,-0.30990990990990974
-78.38378378378385,-0.30990990990990974,-78.37477477477485,-0.3009009009009007
-78.38378378378385,-0.3009009009009007,-78.37477477477485,-0.2918918918918917
-78.38378378378385,-0.2918918918918917,-78.37477477477485,-0.28288288288288266
-78.38378378378385,-0.28288288288288266,-78.37477477477485,-0.27387387387387363
-78.38378378378385,-0.27387387387387363,-78.37477477477485,-0.2648648648648646
-78.38378378378385,-0.2648648648648646,-78.37477477477485,-0.2558558558558556
-78.38378378378385,-0.2558558558558556,-78.37477477477485,-0.24684684684684657
-78.38378378378385,-0.24684684684684655,-78.37477477477485,-0.23783783783783755
-78.38378378378385,-0.23783783783783752,-78.37477477477485,-0.22882882882882852
-78.38378378378385,-0.2288288288288285,-78.37477477477485,-0.2198198198198195
-78.38378378378385,-0.21981981981981946,-78.37477477477485,-0.21081081081081046
-78.38378378378385,-0.21081081081081043,-78.37477477477485,-0.20180180180180143
-78.38378378378385,-0.2018018018018014,-78.37477477477485,-0.1927927927927924
-78.38378378378385,-0.19279279279279238,-78.37477477477485,-0.18378378378378338
-78.38378378378385,-0.18378378378378335,-78.37477477477485,-0.17477477477477435
-78.38378378378385,-0.17477477477477432,-78.37477477477485,-0.16576576576576532
-78.38378378378385,-0.1657657657657653,-78.37477477477485,-0.1567567567567563
-78.38378378378385,-0.15675675675675627,-78.37477477477485,-0.14774774774774727
-78.38378378378385,-0.14774774774774724,-78.37477477477485,-0.13873873873873824
-78.38378378378385,-0.1387387387387382,-78.37477477477485,-0.1297297297297292
-78.38378378378385,-0.12972972972972918,-78.37477477477485,-0.12072072072072017
-78.38378378378385,-0.12072072072072015,-78.37477477477485,-0.11171171171171114
-78.38378378378385,-0.11171171171171113,-78.37477477477485,-0.10270270270270211
-78.38378378378385,-0.1027027027027021,-78.37477477477485,-0.09369369369369308
-78.37477477477485,-0.4,-78.36576576576584,-0.390990990990991
-78.37477477477485,-0.390990990990991,-78.36576576576584,-0.38198198198198197
-78.37477477477485,-0.38198198198198197,-78.36576576576584,-0.37297297297297294
-78.37477477477485,-0.37297297297297294,-78.36576576576584,-0.3639639639639639
-78.37477477477485,-0.3639639639639639,-78.36576576576584,-0.3549549549549549
-78.37477477477485,-0.3549549549549549,-78.36576576576584,-0.34594594594594585
-78.37477477477485,-0.34594594594594585,-78.36576576576584,-0.3369369369369368
-78.37477477477485,-0.3369369369369368,-78.36576576576584,-0.3279279279279278
-78.37477477477485,-0.3279279279279278,-78.36576576576584,-0.31891891891891877
-78.37477477477485,-0.31891891891891877,-78.36576576576584,-0.30990990990990974
-78.37477477477485,-0.30990990990990974,-78.36576576576584,-0.3009009009009007
-78.37477477477485,-0.3009009009009007,-78.36576576576584,-0.2918918918918917
-78.37477477477485,-0.2918918918918917,-78.36576576576584,-0.28288288288288266
-78.37477477477485,-0.28288288288288266,-78.36576576576584,-0.27387387387387363
-78.37477477477485,-0.27387387387387363,-78.36576576576584,-0.2648648648648646
-78.37477477477485,-0.2648648648648646,-78.36576576576584,-0.2558558558558556
-78.37477477477485,-0.2558558558558556,-78.36576576576584,-0.24684684684684657
-78.37477477477485,-0.24684684684684655,-78.36576576576584,-0.23783783783783755
-78.37477477477485,-0.23783783783783752,-78.36576576576584,-0.22882882882882852
-78.37477477477485,-0.2288288288288285,-78.36576576576584,-0.2198198198198195
-78.37477477477485,-0.21981981981981946,-78.36576576576584,-0.21081081081081046
-78.37477477477485,-0.21081081081081043,-78.36576576576584,-0.20180180180180143
-78.37477477477485,-0.2018018018018014,-78.36576576576584,-0.1927927927927924
-78.37477477477485,-0.19279279279279238,-78.36576576576584,-0.18378378378378338
-78.37477477477485,-0.18378378378378335,-78.36576576576584,-0.17477477477477435
-78.37477477477485,-0.17477477477477432,-78.36576576576584,-0.16576576576576532
-78.37477477477485,-0.1657657657657653,-78.36576576576584,-0.1567567567567563
-78.37477477477485,-0.15675675675675627,-78.36576576576584,-0.14774774774774727
-78.37477477477485,-0.14774774774774724,-78.36576576576584,-0.13873873873873824
-78.37477477477485,-0.1387387387387382,-78.36576576576584,-0.1297297297297292
-78.37477477477485,-0.12972972972972918,-78.36576576576584,-0.12072072072072017
-78.37477477477485,-0.12072072072072015,-78.36576576576584,-0.11171171171171114
-78.37477477477485,-0.11171171171171113,-78.36576576576584,-0.10270270270270211
-78.37477477477485,-0.1027027027027021,-78.36576576576584,-0.09369369369369308
-78.36576576576584,-0.4,-78.35675675675684,-0.390990990990991
-78.36576576576584,-0.390990990990991,-78.35675675675684,-0.38198198198198197
-78.36576576576584,-0.38198198198198197,-78.35675675675684,-0.37297297297297294
-78.36576576576584,-0.37297297297297294,-78.35675675675684,-0.3639639639639639
-78.36576576576584,-0.3639639639639639,-78.35675675675684,-0.3549549549549549
-78.36576576576584,-0.3549549549549549,-78.35675675675684,-0.34594594594594585
-78.36576576576584,-0.34594594594594585,-78.35675675675684,-0.3369369369369368
-78.36576576576584,-0.3369369369369368,-78.35675675675684,-0.3279279279279278
-78.36576576576584,-0.3279279279279278,-78.35675675675684,-0.31891891891891877
-78.36576576576584,-0.31891891891891877,-78.35675675675684,-0.30990990990990974
-78.36576576576584,-0.30990990990990974,-78.35675675675684,-0.3009009009009007
-78.36576576576584,-0.3009009009009007,-78.35675675675684,-0.2918918918918917
-78.36576576576584,-0.2918918918918917,-78.35675675675684,-0.28288288288288266
-78.36576576576584,-0.28288288288288266,-78.35675675675684,-0.27387387387387363
-78.36576576576584,-0.27387387387387363,-78.35675675675684,-0.2648648648648646
-78.36576576576584,-0.2648648648648646,-78.35675675675684,-0.2558558558558556
-78.36576576576584,-0.2558558558558556,-78.35675675675684,-0.24684684684684657
-78.36576576576584,-0.24684684684684655,-78.35675675675684,-0.23783783783783755
-78.36576576576584,-0.23783783783783752,-78.35675675675684,-0.22882882882882852
-78.36576576576584,-0.2288288288288285,-78.35675675675684,-0.2198198198198195
-78.36576576576584,-0.21981981981981946,-78.35675675675684,-0.21081081081081046
-78.36576576576584,-0.21081081081081043,-78.35675675675684,-0.20180180180180143
-78.36576576576584,-0.2018018018018014,-78.35675675675684,-0.1927927927927924
-78.36576576576584,-0.19279279279279238,-78.35675675675684,-0.18378378378378338
-78.36576576576584,-0.18378378378378335,-78.35675675675684,-0.17477477477477435
-78.36576576576584,-0.17477477477477432,-78.35675675675684,-0.16576576576576532
-78.36576576576584,-0.1657657657657653,-78.35675675675684,-0.1567567567567563
-78.36576576576584,-0.15675675675675627,-78.35675675675684,-0.14774774774774727
-78.36576576576584,-0.14774774774774724,-78.35675675675684,-0.13873873873873824
-78.36576576576584,-0.1387387387387382,-78.35675675675684,-0.1297297297297292
-78.36576576576584,-0.12972972972972918,-78.35675675675684,-0.12072072072072017
-78.36576576576584,-0.12072072072072015,-78.35675675675684,-0.11171171171171114
-78.36576576576584,-0.11171171171171113,-78.35675675675684,-0.10270270270270211
-78.36576576576584,-0.1027027027027021,-78.35675675675684,-0.09369369369369308
-78.35675675675684,-0.4,-78.34774774774783,-0.390990990990991
-78.35675675675684,-0.390990990990991,-78.34774774774783,-0.38198198198198197
-78.35675675675684,-0.38198198198198197,-78.34774774774783,-0.37297297297297294
-78.35675675675684,-0.37297297297297294,-78.34774774774783,-0.3639639639639639
-78.35675675675684,-0.3639639639639639,-78.34774774774783,-0.3549549549549549
-78.35675675675684,-0.3549549549549549,-78.34774774774783,-0.34594594594594585
-78.35675675675684,-0.34594594594594585,-78.34774774774783,-0.3369369369369368
-78.35675675675684,-0.3369369369369368,-78.34774774774783,-0.3279279279279278
-78.35675675675684,-0.3279279279279278,-78.34774774774783,-0.31891891891891877
-78.35675675675684,-0.31891891891891877,-78.34774774774783,-0.30990990990990974
-78.35675675675684,-0.30990990990990974,-78.34774774774783,-0.3009009009009007
-78.35675675675684,-0.3009009009009007,-78.34774774774783,-0.2918918918918917
-78.35675675675684,-0.2918918918918917,-78.34774774774783,-0.28288288288288266
-78.35675675675684,-0.28288288288288266,-78.34774774774783,-0.27387387387387363
-78.35675675675684,-0.27387387387387363,-78.34774774774783,-0.2648648648648646
-78.35675675675684,-0.2648648648648646,-78.34774774774783,-0.2558558558558556
-78.35675675675684,-0.2558558558558556,-78.34774774774783,-0.24684684684684657
-78.35675675675684,-0.24684684684684655,-78.34774774774783,-0.23783783783783755
-78.35675675675684,-0.23783783783783752,-78.34774774774783,-0.22882882882882852
-78.35675675675684,-0.2288288288288285,-78.34774774774783,-0.2198198198198195
-78.35675675675684,-0.21981981981981946,-78.34774774774783,-0.21081081081081046
-78.35675675675684,-0.21081081081081043,-78.34774774774783,-0.20180180180180143
-78.35675675675684,-0.2018018018018014,-78.34774774774783,-0.1927927927927924
-78.35675675675684,-0.19279279279279238,-78.34774774774783,-0.18378378378378338
-78.35675675675684,-0.18378378378378335,-78.34774774774783,-0.17477477477477435
-78.35675675675684,-0.17477477477477432,-78.34774774774783,-0.16576576576576532
-78.35675675675684,-0.1657657657657653,-78.34774774774783,-0.1567567567567563
-78.35675675675684,-0.15675675675675627,-78.34774774774783,-0.14774774774774727
-78.35675675675684,-0.14774774774774724,-78.34774774774783,-0.13873873873873824
-78.35675675675684,-0.1387387387387382,-78.34774774774783,-0.1297297297297292
-78.35675675675684,-0.12972972972972918,-78.34774774774783,-0.12072072072072017
-78.35675675675684,-0.12072072072072015,-78.34774774774783,-0.11171171171171114
-78.35675675675684,-0.11171171171171113,-78.34774774774783,-0.10270270270270211
-78.35675675675684,-0.1027027027027021,-78.34774774774783,-0.09369369369369308
-78.34774774774783,-0.4,-78.33873873873883,-0.390990990990991
-78.34774774774783,-0.390990990990991,-78.33873873873883,-0.38198198198198197
-78.34774774774783,-0.38198198198198197,-78.33873873873883,-0.37297297297297294
-78.34774774774783,-0.37297297297297294,-78.33873873873883,-0.3639639639639639
-78.34774774774783,-0.3639639639639639,-78.33873873873883,-0.3549549549549549
-78.34774774774783,-0.3549549549549549,-78.33873873873883,-0.34594594594594585
-78.34774774774783,-0.34594594594594585,-78.33873873873883,-0.3369369369369368
-78.34774774774783,-0.3369369369369368,-78.33873873873883,-0.3279279279279278
-78.34774774774783,-0.3279279279279278,-78.33873873873883,-0.31891891891891877
-78.34774774774783,-0.31891891891891877,-78.33873873873883,-0.30990990990990974
-78.34774774774783,-0.30990990990990974,-78.33873873873883,-0.3009009009009007
-78.34774774774783,-0.3009009009009007,-78.33873873873883,-0.2918918918918917
-78.34774774774783,-0.2918918918918917,-78.33873873873883,-0.28288288288288266
-78.34774774774783,-0.28288288288288266,-78.33873873873883,-0.27387387387387363
-78.34774774774783,-0.27387387387387363,-78.33873873873883,-0.2648648648648646
-78.34774774774783,-0.2648648648648646,-78.33873873873883,-0.2558558558558556
-78.34774774774783,-0.2558558558558556,-78.33873873873883,-0.24684684684684657
-78.34774774774783,-0.24684684684684655,-78.33873873873883,-0.23783783783783755
-78.34774774774783,-0.23783783783783752,-78.33873873873883,-0.22882882882882852
-78.34774774774783,-0.2288288288288285,-78.33873873873883,-0.2198198198198195
-78.34774774774783,-0.21981981981981946,-78.33873873873883,-0.21081081081081046
-78.34774774774783,-0.21081081081081043,-78.33873873873883,-0.20180180180180143
-78.34774774774783,-0.2018018018018014,-78.33873873873883,-0.1927927927927924
-78.34774774774783,-0.19279279279279238,-78.33873873873883,-0.18378378378378338
-78.34774774774783,-0.18378378378378335,-78.33873873873883,-0.17477477477477435
-78.34774774774783,-0.17477477477477432,-78.33873873873883,-0.16576576576576532
-78.34774774774783,-0.1657657657657653,-78.33873873873883,-0.1567567567567563
-78.34774774774783,-0.15675675675675627,-78.33873873873883,-0.14774774774774727
-78.34774774774783,-0.14774774774774724,-78.33873873873883,-0.13873873873873824
-78.34774774774783,-0.1387387387387382,-78.33873873873883,-0.1297297297297292
-78.34774774774783,-0.12972972972972918,-78.33873873873883,-0.12072072072072017
-78.34774774774783,-0.12072072072072015,-78.33873873873883,-0.11171171171171114
-78.34774774774783,-0.11171171171171113,-78.33873873873883,-0.10270270270270211
-78.34774774774783,-0.1027027027027021,-78.33873873873883,-0.09369369369369308
-78.33873873873883,-0.4,-78.32972972972982,-0.390990990990991
-78.33873873873883,-0.390990990990991,-78.32972972972982,-0.38198198198198197
-78.33873873873883,-0.38198198198198197,-78.32972972972982,-0.37297297297297294
-78.33873873873883,-0.37297297297297294,-78.32972972972982,-0.3639639639639639
-78.33873873873883,-0.3639639639639639,-78.32972972972982,-0.3549549549549549
-78.33873873873883,-0.3549549549549549,-78.32972972972982,-0.34594594594594585
-78.33873873873883,-0.34594594594594585,-78.32972972972982,-0.3369369369369368
-78.33873873873883,-0.3369369369369368,-78.32972972972982,-0.3279279279279278
-78.33873873873883,-0.3279279279279278,-78.32972972972982,-0.31891891891891877
-78.33873873873883,-0.31891891891891877,-78.32972972972982,-0.30990990990990974
-78.33873873873883,-0.30990990990990974,-78.32972972972982,-0.3009009009009007
-78.33873873873883,-0.3009009009009007,-78.32972972972982,-0.2918918918918917
-78.33873873873883,-0.2918918918918917,-78.32972972972982,-0.28288288288288266
-78.33873873873883,-0.28288288288288266,-78.32972972972982,-0.27387387387387363
-78.33873873873883,-0.27387387387387363,-78.32972972972982,-0.2648648648648646
-78.33873873873883,-0.2648648648648646,-78.32972972972982,-0.2558558558558556
-78.33873873873883,-0.2558558558558556,-78.32972972972982,-0.24684684684684657
-78.33873873873883,-0.24684684684684655,-78.32972972972982,-0.23783783783783755
-78.33873873873883,-0.23783783783783752,-78.32972972972982,-0.22882882882882852
-78.33873873873883,-0.2288288288288285,-78.32972972972982,-0.2198198198198195
-78.33873873873883,-0.21981981981981946,-78.32972972972982,-0.21081081081081046
-78.33873873873883,-0.21081081081081043,-78.32972972972982,-0.20180180180180143
-78.33873873873883,-0.2018018018018014,-78.32972972972982,-0.1927927927927924
-78.33873873873883,-0.19279279279279238,-78.32972972972982,-0.18378378378378338
-78.33873873873883,-0.18378378378378335,-78.32972972972982,-0.17477477477477435
-78.33873873873883,-0.17477477477477432,-78.32972972972982,-0.16576576576576532
-78.33873873873883,-0.1657657657657653,-78.32972972972982,-0.1567567567567563
-78.33873873873883,-0.15675675675675627,-78.32972972972982,-0.14774774774774727
-78.33873873873883,-0.14774774774774724,-78.32972972972982,-0.13873873873873824
-78.33873873873883,-0.1387387387387382,-78.32972972972982,-0.1297297297297292
-78.33873873873883,-0.12972972972972918,-78.32972972972982,-0.12072072072072017
-78.33873873873883,-0.12072072072072015,-78.32972972972982,-0.11171171171171114
-78.33873873873883,-0.11171171171171113,-78.32972972972982,-0.10270270270270211
-78.33873873873883,-0.1027027027027021,-78.32972972972982,-0.09369369369369308
-78.32972972972982,-0.4,-78.32072072072081,-0.390990990990991
-78.32972972972982,-0.390990990990991,-78.32072072072081,-0.38198198198198197
-78.32972972972982,-0.38198198198198197,-78.32072072072081,-0.37297297297297294
-78.32972972972982,-0.37297297297297294,-78.32072072072081,-0.3639639639639639
-78.32972972972982,-0.3639639639639639,-78.32072072072081,-0.3549549549549549
-78.32972972972982,-0.3549549549549549,-78.32072072072081,-0.34594594594594585
-78.32972972972982,-0.34594594594594585,-78.32072072072081,-0.3369369369369368
-78.32972972972982,-0.3369369369369368,-78.32072072072081,-0.3279279279279278
-78.32972972972982,-0.3279279279279278,-78.32072072072081,-0.31891891891891877
-78.32972972972982,-0.31891891891891877,-78.32072072072081,-0.30990990990990974
-78.32972972972982,-0.30990990990990974,-78.32072072072081,-0.3009009009009007
-78.32972972972982,-0.3009009009009007,-78.32072072072081,-0.2918918918918917
-78.32972972972982,-0.2918918918918917,-78.32072072072081,-0.28288288288288266
-78.32972972972982,-0.28288288288288266,-78.32072072072081,-0.27387387387387363
-78.32972972972982,-0.27387387387387363,-78.32072072072081,-0.2648648648648646
-78.32972972972982,-0.2648648648648646,-78.32072072072081,-0.2558558558558556
-78.32972972972982,-0.2558558558558556,-78.32072072072081,-0.24684684684684657
-78.32972972972982,-0.24684684684684655,-78.32072072072081,-0.23783783783783755
-78.32972972972982,-0.23783783783783752,-78.32072072072081,-0.22882882882882852
-78.32972972972982,-0.2288288288288285,-78.32072072072081,-0.2198198198198195
-78.32972972972982,-0.21981981981981946,-78.32072072072081,-0.21081081081081046
-78.32972972972982,-0.21081081081081043,-78.32072072072081,-0.20180180180180143
-78.32972972972982,-0.2018018018018014,-78.32072072072081,-0.1927927927927924
-78.32972972972982,-0.19279279279279238,-78.32072072072081,-0.18378378378378338
-78.32972972972982,-0.18378378378378335,-78.32072072072081,-0.17477477477477435
-78.32972972972982,-0.17477477477477432,-78.32072072072081,-0.16576576576576532
-78.32972972972982,-0.1657657657657653,-78.32072072072081,-0.1567567567567563
-78.32972972972982,-0.15675675675675627,-78.32072072072081,-0.14774774774774727
-78.32972972972982,-0.14774774774774724,-78.32072072072081,-0.13873873873873824
-78.32972972972982,-0.1387387387387382,-78.32072072072081,-0.1297297297297292
-78.32972972972982,-0.12972972972972918,-78.32072072072081,-0.12072072072072017
-78.32972972972982,-0.12072072072072015,-78.32072072072081,-0.11171171171171114
-78.32972972972982,-0.11171171171171113,-78.32072072072081,-0.10270270270270211
-78.32972972972982,-0.1027027027027021,-78.32072072072081,-0.09369369369369308
-78.32072072072081,-0.4,-78.31171171171181,-0.390990990990991
-78.32072072072081,-0.390990990990991,-78.31171171171181,-0.38198198198198197
-78.32072072072081,-0.38198198198198197,-78.31171171171181,-0.37297297297297294
-78.32072072072081,-0.37297297297297294,-78.31171171171181,-0.3639639639639639
-78.32072072072081,-0.3639639639639639,-78.31171171171181,-0.3549549549549549
-78.32072072072081,-0.3549549549549549,-78.31171171171181,-0.34594594594594585
-78.32072072072081,-0.34594594594594585,-78.31171171171181,-0.3369369369369368
-78.32072072072081,-0.3369369369369368,-78.31171171171181,-0.3279279279279278
-78.32072072072081,-0.3279279279279278,-78.31171171171181,-0.31891891891891877
-78.32072072072081,-0.31891891891891877,-78.31171171171181,-0.30990990990990974
-78.32072072072081,-0.30990990990990974,-78.31171171171181,-0.3009009009009007
-78.32072072072081,-0.3009009009009007,-78.31171171171181,-0.2918918918918917
-78.32072072072081,-0.2918918918918917,-78.31171171171181,-0.28288288288288266
-78.32072072072081,-0.28288288288288266,-78.31171171171181,-0.27387387387387363
-78.32072072072081,-0.27387387387387363,-78.31171171171181,-0.2648648648648646
-78.32072072072081,-0.2648648648648646,-78.31171171171181,-0.2558558558558556
-78.32072072072081,-0.2558558558558556,-78.31171171171181,-0.24684684684684657
-78.32072072072081,-0.24684684684684655,-78.31171171171181,-0.23783783783783755
-78.32072072072081,-0.23783783783783752,-78.31171171171181,-0.22882882882882852
-78.32072072072081,-0.2288288288288285,-78.31171171171181,-0.2198198198198195
-78.32072072072081,-0.21981981981981946,-78.31171171171181,-0.21081081081081046
-78.32072072072081,-0.21081081081081043,-78.31171171171181,-0.20180180180180143
-78.32072072072081,-0.2018018018018014,-78.31171171171181,-0.1927927927927924
-78.32072072072081,-0.19279279279279238,-78.31171171171181,-0.18378378378378338
-78.32072072072081,-0.18378378378378335,-78.31171171171181,-0.17477477477477435
-78.32072072072081,-0.17477477477477432,-78.31171171171181,-0.16576576576576532
-78.32072072072081,-0.1657657657657653,-78.31171171171181,-0.1567567567567563
-78.32072072072081,-0.15675675675675627,-78.31171171171181,-0.14774774774774727
-78.32072072072081,-0.14774774774774724,-78.31171171171181,-0.13873873873873824
-78.32072072072081,-0.1387387387387382,-78.31171171171181,-0.1297297297297292
-78.32072072072081,-0.12972972972972918,-78.31171171171181,-0.12072072072072017
-78.32072072072081,-0.12072072072072015,-78.31171171171181,-0.11171171171171114
-78.32072072072081,-0.11171171171171113,-78.31171171171181,-0.10270270270270211
-78.32072072072081,-0.1027027027027021,-78.31171171171181,-0.09369369369369308
-78.31171171171181,-0.4,-78.3027027027028,-0.390990990990991
-78.31171171171181,-0.390990990990991,-78.3027027027028,-0.38198198198198197
-78.31171171171181,-0.38198198198198197,-78.3027027027028,-0.37297297297297294
-78.31171171171181,-0.37297297297297294,-78.3027027027028,-0.3639639639639639
-78.31171171171181,-0.3639639639639639,-78.3027027027028,-0.3549549549549549
-78.31171171171181,-0.3549549549549549,-78.3027027027028,-0.34594594594594585
-78.31171171171181,-0.34594594594594585,-78.3027027027028,-0.3369369369369368
-78.31171171171181,-0.3369369369369368,-78.3027027027028,-0.3279279279279278
-78.31171171171181,-0.3279279279279278,-78.3027027027028,-0.31891891891891877
-78.31171171171181,-0.31891891891891877,-78.3027027027028,-0.30990990990990974
-78.31171171171181,-0.30990990990990974,-78.3027027027028,-0.3009009009009007
-78.31171171171181,-0.3009009009009007,-78.3027027027028,-0.2918918918918917
-78.31171171171181,-0.2918918918918917,-78.3027027027028,-0.28288288288288266
-78.31171171171181,-0.28288288288288266,-78.3027027027028,-0.27387387387387363
-78.31171171171181,-0.27387387387387363,-78.3027027027028,-0.2648648648648646
-78.31171171171181,-0.2648648648648646,-78.3027027027028,-0.2558558558558556
-78.31171171171181,-0.2558558558558556,-78.3027027027028,-0.24684684684684657
-78.31171171171181,-0.24684684684684655,-78.3027027027028,-0.23783783783783755
-78.31171171171181,-0.23783783783783752,-78.3027027027028,-0.22882882882882852
-78.31171171171181,-0.2288288288288285,-78.3027027027028,-0.2198198198198195
-78.31171171171181,-0.21981981981981946,-78.3027027027028,-0.21081081081081046
-78.31171171171181,-0.21081081081081043,-78.3027027027028,-0.20180180180180143
-78.31171171171181,-0.2018018018018014,-78.3027027027028,-0.1927927927927924
-78.31171171171181,-0.19279279279279238,-78.3027027027028,-0.18378378378378338
-78.31171171171181,-0.18378378378378335,-78.3027027027028,-0.17477477477477435
-78.31171171171181,-0.17477477477477432,-78.3027027027028,-0.16576576576576532
-78.31171171171181,-0.1657657657657653,-78.3027027027028,-0.1567567567567563
-78.31171171171181,-0.15675675675675627,-78.3027027027028,-0.14774774774774727
-78.31171171171181,-0.14774774774774724,-78.3027027027028,-0.13873873873873824
-78.31171171171181,-0.1387387387387382,-78.3027027027028,-0.1297297297297292
-78.31171171171181,-0.12972972972972918,-78.3027027027028,-0.12072072072072017
-78.31171171171181,-0.12072072072072015,-78.3027027027028,-0.11171171171171114
-78.31171171171181,-0.11171171171171113,-78.3027027027028,-0.10270270270270211
-78.31171171171181,-0.1027027027027021,-78.3027027027028,-0.09369369369369308
-78.3027027027028,-0.4,-78.2936936936938,-0.390990990990991
-78.3027027027028,-0.390990990990991,-78.2936936936938,-0.38198198198198197
-78.3027027027028,-0.38198198198198197,-78.2936936936938,-0.37297297297297294
-78.3027027027028,-0.37297297297297294,-78.2936936936938,-0.3639639639639639
-78.3027027027028,-0.3639639639639639,-78.2936936936938,-0.3549549549549549
-78.3027027027028,-0.3549549549549549,-78.2936936936938,-0.34594594594594585
-78.3027027027028,-0.34594594594594585,-78.2936936936938,-0.3369369369369368
-78.3027027027028,-0.3369369369369368,-78.2936936936938,-0.3279279279279278
-78.3027027027028,-0.3279279279279278,-78.2936936936938,-0.31891891891891877
-78.3027027027028,-0.31891891891891877,-78.2936936936938,-0.30990990990990974
-78.3027027027028,-0.30990990990990974,-78.2936936936938,-0.3009009009009007
-78.3027027027028,-0.3009009009009007,-78.2936936936938,-0.2918918918918917
-78.3027027027028,-0.2918918918918917,-78.2936936936938,-0.28288288288288266
-78.3027027027028,-0.28288288288288266,-78.2936936936938,-0.27387387387387363
-78.3027027027028,-0.27387387387387363,-78.2936936936938,-0.2648648648648646
-78.3027027027028,-0.2648648648648646,-78.2936936936938,-0.2558558558558556
-78.3027027027028,-0.2558558558558556,-78.2936936936938,-0.24684684684684657
-78.3027027027028,-0.24684684684684655,-78.2936936936938,-0.23783783783783755
-78.3027027027028,-0.23783783783783752,-78.2936936936938,-0.22882882882882852
-78.3027027027028,-0.2288288288288285,-78.2936936936938,-0.2198198198198195
-78.3027027027028,-0.21981981981981946,-78.2936936936938,-0.21081081081081046
-78.3027027027028,-0.21081081081081043,-78.2936936936938,-0.20180180180180143
-78.3027027027028,-0.2018018018018014,-78.2936936936938,-0.1927927927927924
-78.3027027027028,-0.19279279279279238,-78.2936936936938,-0.18378378378378338
-78.3027027027028,-0.18378378378378335,-78.2936936936938,-0.17477477477477435
-78.3027027027028,-0.17477477477477432,-78.2936936936938,-0.16576576576576532
-78.3027027027028,-0.1657657657657653,-78.2936936936938,-0.1567567567567563
-78.3027027027028,-0.15675675675675627,-78.2936936936938,-0.14774774774774727
-78.3027027027028,-0.14774774774774724,-78.2936936936938,-0.13873873873873824
-78.3027027027028,-0.1387387387387382,-78.2936936936938,-0.1297297297297292
-78.3027027027028,-0.12972972972972918,-78.2936936936938,-0.12072072072072017
-78.3027027027028,-0.12072072072072015,-78.2936936936938,-0.11171171171171114
-78.3027027027028,-0.11171171171171113,-78.2936936936938,-0.10270270270270211
-78.3027027027028,-0.1027027027027021,-78.2936936936938,-0.09369369369369308
